Date,Open,High,Low,Close*,VOLUME
25-May-22,"3,929.59","3,999.33","3,925.03","3,978.73","100,000.00"
24-May-22,"3,942.94","3,955.68","3,875.13","3,941.48","200,000.00"
23-May-22,"3,919.42","3,981.88","3,909.04","3,973.75","300,000.00"
20-May-22,"3,927.76","3,943.42","3,810.32","3,901.36","400,000.00"
19-May-22,"3,899.00","3,945.96","3,876.58","3,900.79","500,000.00"
18-May-22,"4,051.98","4,051.98","3,911.91","3,923.68","600,000.00"
17-May-22,"4,052.00","4,090.72","4,033.93","4,088.85","700,000.00"
16-May-22,"4,013.02","4,046.46","3,983.99","4,008.01","600,000.00"
13-May-22,"3,963.90","4,038.88","3,963.90","4,023.89","500,000.00"
12-May-22,"3,903.95","3,964.80","3,858.87","3,930.08","400,000.00"
11-May-22,"3,990.08","4,049.09","3,928.82","3,935.18","300,000.00"
10-May-22,"4,035.18","4,068.82","3,958.17","4,001.05","400,000.00"
9-May-22,"4,081.27","4,081.27","3,975.48","3,991.24","500,000.00"
6-May-22,"4,128.17","4,157.69","4,067.91","4,123.34","600,000.00"
5-May-22,"4,270.43","4,270.43","4,106.01","4,146.87","700,000.00"
4-May-22,"4,181.18","4,307.66","4,148.91","4,300.17","800,000.00"
3-May-22,"4,159.78","4,200.10","4,147.08","4,175.48","900,000.00"
2-May-22,"4,130.61","4,169.81","4,062.51","4,155.38","1,000,000.00"
29-Apr-22,"4,253.75","4,269.68","4,124.28","4,131.93","1,100,000.00"
28-Apr-22,"4,222.58","4,308.45","4,188.63","4,287.50","1,000,000.00"
27-Apr-22,"4,186.52","4,240.71","4,162.90","4,183.96","900,000.00"
26-Apr-22,"4,278.14","4,278.14","4,175.04","4,175.20","800,000.00"
25-Apr-22,"4,255.34","4,299.02","4,200.82","4,296.12","700,000.00"
22-Apr-22,"4,385.83","4,385.83","4,267.62","4,271.78","600,000.00"
21-Apr-22,"4,489.17","4,512.94","4,384.47","4,393.66","500,000.00"
20-Apr-22,"4,472.26","4,488.29","4,448.76","4,459.45","600,000.00"
19-Apr-22,"4,390.63","4,471.03","4,390.63","4,462.21","700,000.00"
18-Apr-22,"4,385.63","4,410.31","4,370.30","4,391.69","800,000.00"
14-Apr-22,"4,449.12","4,460.46","4,390.77","4,392.59","900,000.00"
13-Apr-22,"4,394.30","4,453.92","4,392.70","4,446.59","1,000,000.00"
12-Apr-22,"4,437.59","4,471.00","4,381.34","4,397.45","1,100,000.00"
11-Apr-22,"4,462.64","4,464.35","4,408.38","4,412.53","1,200,000.00"
8-Apr-22,"4,494.15","4,520.41","4,474.60","4,488.28","1,300,000.00"
7-Apr-22,"4,474.65","4,521.16","4,450.30","4,500.21","1,400,000.00"
6-Apr-22,"4,494.17","4,503.94","4,450.04","4,481.15","1,500,000.00"
5-Apr-22,"4,572.45","4,593.45","4,514.17","4,525.12","1,600,000.00"
4-Apr-22,"4,547.97","4,583.50","4,539.21","4,582.64","1,700,000.00"
1-Apr-22,"4,540.32","4,548.70","4,507.57","4,545.86","1,800,000.00"
31-Mar-22,"4,599.02","4,603.07","4,530.41","4,530.41","1,900,000.00"
30-Mar-22,"4,624.20","4,627.77","4,581.32","4,602.45","100,000.00"
29-Mar-22,"4,602.86","4,637.30","4,589.66","4,631.60","200,000.00"
28-Mar-22,"4,541.09","4,575.65","4,517.69","4,575.52","300,000.00"
25-Mar-22,"4,522.91","4,546.03","4,501.07","4,543.06","400,000.00"
24-Mar-22,"4,469.98","4,520.58","4,465.17","4,520.16","500,000.00"
23-Mar-22,"4,493.10","4,501.07","4,455.81","4,456.24","600,000.00"
22-Mar-22,"4,469.10","4,522.00","4,469.10","4,511.61","700,000.00"
21-Mar-22,"4,462.40","4,481.75","4,424.30","4,461.18","600,000.00"
18-Mar-22,"4,407.34","4,465.40","4,390.57","4,463.12","500,000.00"
17-Mar-22,"4,345.11","4,412.67","4,335.65","4,411.67","400,000.00"
16-Mar-22,"4,288.14","4,358.90","4,251.99","4,357.86","300,000.00"
15-Mar-22,"4,188.82","4,271.05","4,187.90","4,262.45","400,000.00"
14-Mar-22,"4,202.75","4,247.57","4,161.72","4,173.11","500,000.00"
11-Mar-22,"4,279.50","4,291.01","4,200.49","4,204.31","600,000.00"
10-Mar-22,"4,252.55","4,268.28","4,209.80","4,259.52","700,000.00"
9-Mar-22,"4,223.10","4,299.40","4,223.10","4,277.88","800,000.00"
8-Mar-22,"4,202.66","4,276.94","4,157.87","4,170.70","900,000.00"
7-Mar-22,"4,327.01","4,327.01","4,199.85","4,201.09","1,000,000.00"
4-Mar-22,"4,342.12","4,342.12","4,284.98","4,328.87","1,100,000.00"
3-Mar-22,"4,401.31","4,416.78","4,345.56","4,363.49","1,000,000.00"
2-Mar-22,"4,322.56","4,401.48","4,322.56","4,386.54","900,000.00"
1-Mar-22,"4,363.14","4,378.45","4,279.54","4,306.26","800,000.00"
28-Feb-22,"4,354.17","4,388.84","4,315.12","4,373.94","700,000.00"
25-Feb-22,"4,298.38","4,385.34","4,286.83","4,384.65","600,000.00"
24-Feb-22,"4,155.77","4,294.73","4,114.65","4,288.70","500,000.00"
23-Feb-22,"4,324.93","4,341.51","4,221.51","4,225.50","600,000.00"
22-Feb-22,"4,332.74","4,362.12","4,267.11","4,304.76","700,000.00"
18-Feb-22,"4,384.57","4,394.60","4,327.22","4,348.87","800,000.00"
17-Feb-22,"4,456.06","4,456.06","4,373.81","4,380.26","900,000.00"
16-Feb-22,"4,455.75","4,489.55","4,429.68","4,475.01","1,000,000.00"
15-Feb-22,"4,429.28","4,472.77","4,429.28","4,471.07","1,100,000.00"
14-Feb-22,"4,412.61","4,426.22","4,364.84","4,401.67","1,200,000.00"
11-Feb-22,"4,506.27","4,526.33","4,401.41","4,418.64","1,300,000.00"
10-Feb-22,"4,553.24","4,588.92","4,484.31","4,504.08","1,400,000.00"
9-Feb-22,"4,547.00","4,590.03","4,547.00","4,587.18","1,500,000.00"
8-Feb-22,"4,480.02","4,531.32","4,465.40","4,521.54","1,600,000.00"
7-Feb-22,"4,505.75","4,521.86","4,471.47","4,483.87","1,700,000.00"
4-Feb-22,"4,482.79","4,539.66","4,451.50","4,500.53","1,800,000.00"
3-Feb-22,"4,535.41","4,542.88","4,470.39","4,477.44","1,900,000.00"
2-Feb-22,"4,566.39","4,595.31","4,544.32","4,589.38","100,000.00"
1-Feb-22,"4,519.57","4,550.49","4,483.53","4,546.54","200,000.00"
31-Jan-22,"4,431.79","4,516.89","4,414.02","4,515.55","300,000.00"
28-Jan-22,"4,336.19","4,432.72","4,292.46","4,431.85","400,000.00"
27-Jan-22,"4,380.58","4,428.74","4,309.50","4,326.51","500,000.00"
26-Jan-22,"4,408.43","4,453.23","4,304.80","4,349.93","600,000.00"
25-Jan-22,"4,366.64","4,411.01","4,287.11","4,356.45","700,000.00"
24-Jan-22,"4,356.32","4,417.35","4,222.62","4,410.13","600,000.00"
21-Jan-22,"4,471.38","4,494.52","4,395.34","4,397.94","500,000.00"
20-Jan-22,"4,547.35","4,602.11","4,477.95","4,482.73","400,000.00"
19-Jan-22,"4,588.03","4,611.55","4,530.20","4,532.76","300,000.00"
18-Jan-22,"4,632.24","4,632.24","4,568.70","4,577.11","400,000.00"
14-Jan-22,"4,637.99","4,665.13","4,614.75","4,662.85","500,000.00"
13-Jan-22,"4,733.56","4,744.13","4,650.29","4,659.03","600,000.00"
12-Jan-22,"4,728.59","4,748.83","4,706.71","4,726.35","700,000.00"
11-Jan-22,"4,669.14","4,714.13","4,638.27","4,713.07","800,000.00"
10-Jan-22,"4,655.34","4,673.02","4,582.24","4,670.29","900,000.00"
7-Jan-22,"4,697.66","4,707.95","4,662.74","4,677.03","1,000,000.00"
6-Jan-22,"4,693.39","4,725.01","4,671.26","4,696.05","1,100,000.00"
5-Jan-22,"4,787.99","4,797.70","4,699.44","4,700.58","1,000,000.00"
4-Jan-22,"4,804.51","4,818.62","4,774.27","4,793.54","900,000.00"
3-Jan-22,"4,778.14","4,796.64","4,758.17","4,796.56","800,000.00"
31-Dec-21,"4,775.21","4,786.83","4,765.75","4,766.18","700,000.00"
30-Dec-21,"4,794.23","4,808.93","4,775.33","4,778.73","600,000.00"
29-Dec-21,"4,788.64","4,804.06","4,778.08","4,793.06","500,000.00"
28-Dec-21,"4,795.49","4,807.02","4,780.04","4,786.35","600,000.00"
27-Dec-21,"4,733.99","4,791.49","4,733.99","4,791.19","700,000.00"
23-Dec-21,"4,703.96","4,740.74","4,703.96","4,725.79","800,000.00"
22-Dec-21,"4,650.36","4,697.67","4,645.53","4,696.56","900,000.00"
21-Dec-21,"4,594.96","4,651.14","4,583.16","4,649.23","1,000,000.00"
20-Dec-21,"4,587.90","4,587.90","4,531.10","4,568.02","1,100,000.00"
17-Dec-21,"4,652.50","4,666.70","4,600.22","4,620.64","1,200,000.00"
16-Dec-21,"4,719.13","4,731.99","4,651.89","4,668.67","1,300,000.00"
15-Dec-21,"4,636.46","4,712.60","4,611.22","4,709.85","1,400,000.00"
14-Dec-21,"4,642.99","4,660.47","4,606.52","4,634.09","1,500,000.00"
13-Dec-21,"4,710.30","4,710.30","4,667.60","4,668.97","1,600,000.00"
10-Dec-21,"4,687.64","4,713.57","4,670.24","4,712.02","1,700,000.00"
9-Dec-21,"4,691.00","4,695.26","4,665.98","4,667.45","1,800,000.00"
8-Dec-21,"4,690.86","4,705.06","4,674.52","4,701.21","1,900,000.00"
7-Dec-21,"4,631.97","4,694.04","4,631.97","4,686.75","100,000.00"
6-Dec-21,"4,548.37","4,612.60","4,540.51","4,591.67","200,000.00"
3-Dec-21,"4,589.49","4,608.03","4,495.12","4,538.43","300,000.00"
2-Dec-21,"4,504.73","4,595.46","4,504.73","4,577.10","400,000.00"
1-Dec-21,"4,602.82","4,652.94","4,510.27","4,513.04","500,000.00"
30-Nov-21,"4,640.25","4,646.02","4,560.00","4,567.00","600,000.00"
29-Nov-21,"4,628.75","4,672.95","4,625.26","4,655.27","700,000.00"
26-Nov-21,"4,664.63","4,664.63","4,585.43","4,594.62","600,000.00"
24-Nov-21,"4,675.78","4,702.87","4,659.89","4,701.46","500,000.00"
23-Nov-21,"4,678.48","4,699.39","4,652.66","4,690.70","400,000.00"
22-Nov-21,"4,712.00","4,743.83","4,682.17","4,682.94","300,000.00"
19-Nov-21,"4,708.44","4,717.75","4,694.22","4,697.96","400,000.00"
18-Nov-21,"4,700.72","4,708.80","4,672.78","4,704.54","500,000.00"
17-Nov-21,"4,701.50","4,701.50","4,684.41","4,688.67","600,000.00"
16-Nov-21,"4,679.42","4,714.95","4,679.42","4,700.90","700,000.00"
15-Nov-21,"4,689.30","4,697.42","4,672.86","4,682.80","800,000.00"
12-Nov-21,"4,655.24","4,688.47","4,650.77","4,682.85","900,000.00"
11-Nov-21,"4,659.39","4,664.55","4,648.31","4,649.27","1,000,000.00"
10-Nov-21,"4,670.26","4,684.85","4,630.86","4,646.71","1,100,000.00"
9-Nov-21,"4,707.25","4,708.53","4,670.87","4,685.25","1,000,000.00"
8-Nov-21,"4,701.48","4,714.92","4,694.39","4,701.70","900,000.00"
5-Nov-21,"4,699.26","4,718.50","4,681.32","4,697.53","800,000.00"
4-Nov-21,"4,662.93","4,683.00","4,662.59","4,680.06","700,000.00"
3-Nov-21,"4,630.65","4,663.46","4,621.19","4,660.57","600,000.00"
2-Nov-21,"4,613.34","4,635.15","4,613.34","4,630.65","500,000.00"
1-Nov-21,"4,610.62","4,620.34","4,595.06","4,613.67","600,000.00"
29-Oct-21,"4,572.87","4,608.08","4,567.59","4,605.38","700,000.00"
28-Oct-21,"4,562.84","4,597.55","4,562.84","4,596.42","800,000.00"
27-Oct-21,"4,580.22","4,584.57","4,551.66","4,551.68","900,000.00"
26-Oct-21,"4,578.69","4,598.53","4,569.17","4,574.79","1,000,000.00"
25-Oct-21,"4,553.69","4,572.62","4,537.36","4,566.48","1,100,000.00"
22-Oct-21,"4,546.12","4,559.67","4,524.00","4,544.90","1,200,000.00"
21-Oct-21,"4,532.24","4,551.44","4,526.89","4,549.78","1,300,000.00"
20-Oct-21,"4,524.42","4,540.87","4,524.40","4,536.19","1,400,000.00"
19-Oct-21,"4,497.34","4,520.40","4,496.41","4,519.63","1,500,000.00"
18-Oct-21,"4,463.72","4,488.75","4,447.47","4,486.46","1,600,000.00"
15-Oct-21,"4,447.69","4,475.82","4,447.69","4,471.37","1,700,000.00"
14-Oct-21,"4,386.75","4,439.73","4,386.75","4,438.26","1,800,000.00"
13-Oct-21,"4,358.01","4,372.87","4,329.92","4,363.80","1,900,000.00"
12-Oct-21,"4,368.31","4,374.89","4,342.09","4,350.65","100,000.00"
11-Oct-21,"4,385.44","4,415.88","4,360.59","4,361.19","200,000.00"
8-Oct-21,"4,406.51","4,412.02","4,386.22","4,391.34","300,000.00"
7-Oct-21,"4,383.73","4,429.97","4,383.73","4,399.76","400,000.00"
6-Oct-21,"4,319.57","4,365.57","4,290.49","4,363.55","500,000.00"
5-Oct-21,"4,309.87","4,369.23","4,309.87","4,345.72","600,000.00"
4-Oct-21,"4,348.84","4,355.51","4,278.94","4,300.46","700,000.00"
1-Oct-21,"4,317.16","4,375.19","4,288.52","4,357.04","600,000.00"
30-Sep-21,"4,370.67","4,382.55","4,306.24","4,307.54","500,000.00"
29-Sep-21,"4,362.41","4,385.57","4,355.08","4,359.46","400,000.00"
28-Sep-21,"4,419.54","4,419.54","4,346.33","4,352.63","300,000.00"
27-Sep-21,"4,442.12","4,457.30","4,436.19","4,443.11","400,000.00"
24-Sep-21,"4,438.04","4,463.12","4,430.27","4,455.48","500,000.00"
23-Sep-21,"4,406.75","4,465.40","4,406.75","4,448.98","600,000.00"
22-Sep-21,"4,367.43","4,416.75","4,367.43","4,395.64","700,000.00"
21-Sep-21,"4,374.45","4,394.87","4,347.96","4,354.19","800,000.00"
20-Sep-21,"4,402.95","4,402.95","4,305.91","4,357.73","900,000.00"
17-Sep-21,"4,469.74","4,471.52","4,427.76","4,432.99","1,000,000.00"
16-Sep-21,"4,477.09","4,485.87","4,443.80","4,473.75","1,100,000.00"
15-Sep-21,"4,447.49","4,486.87","4,438.37","4,480.70","1,000,000.00"
14-Sep-21,"4,479.33","4,485.68","4,435.46","4,443.05","900,000.00"
13-Sep-21,"4,474.81","4,492.99","4,445.70","4,468.73","800,000.00"
10-Sep-21,"4,506.92","4,520.47","4,457.66","4,458.58","700,000.00"
9-Sep-21,"4,513.02","4,529.90","4,492.07","4,493.28","600,000.00"
8-Sep-21,"4,518.09","4,521.79","4,493.95","4,514.07","500,000.00"
7-Sep-21,"4,535.38","4,535.38","4,513.00","4,520.03","600,000.00"
3-Sep-21,"4,532.42","4,541.45","4,521.30","4,535.43","700,000.00"
2-Sep-21,"4,534.48","4,545.85","4,524.66","4,536.95","800,000.00"
1-Sep-21,"4,528.80","4,537.11","4,522.02","4,524.09","900,000.00"
31-Aug-21,"4,529.75","4,531.39","4,515.80","4,522.68","1,000,000.00"
30-Aug-21,"4,513.76","4,537.36","4,513.76","4,528.79","1,100,000.00"
27-Aug-21,"4,474.10","4,513.33","4,474.10","4,509.37","1,200,000.00"
26-Aug-21,"4,493.75","4,495.90","4,468.99","4,470.00","1,300,000.00"
25-Aug-21,"4,490.45","4,501.71","4,485.66","4,496.19","1,400,000.00"
24-Aug-21,"4,484.40","4,492.81","4,482.28","4,486.23","1,500,000.00"
23-Aug-21,"4,450.29","4,489.88","4,450.29","4,479.53","1,600,000.00"
20-Aug-21,"4,410.56","4,444.35","4,406.80","4,441.67","1,700,000.00"
19-Aug-21,"4,382.44","4,418.61","4,367.73","4,405.80","1,800,000.00"
18-Aug-21,"4,440.94","4,454.32","4,397.59","4,400.27","1,900,000.00"
17-Aug-21,"4,462.12","4,462.12","4,417.83","4,448.08","100,000.00"
16-Aug-21,"4,461.65","4,480.26","4,437.66","4,479.71","200,000.00"
13-Aug-21,"4,464.84","4,468.37","4,460.82","4,468.00","300,000.00"
12-Aug-21,"4,446.08","4,461.77","4,435.96","4,460.83","400,000.00"
11-Aug-21,"4,442.18","4,449.44","4,436.42","4,442.41","500,000.00"
10-Aug-21,"4,435.79","4,445.21","4,430.03","4,436.75","600,000.00"
9-Aug-21,"4,437.77","4,439.39","4,424.74","4,432.35","700,000.00"
6-Aug-21,"4,429.07","4,440.82","4,429.07","4,436.52","600,000.00"
5-Aug-21,"4,408.86","4,429.76","4,408.86","4,429.10","500,000.00"
4-Aug-21,"4,415.95","4,416.17","4,400.23","4,402.66","400,000.00"
3-Aug-21,"4,392.74","4,423.79","4,373.00","4,423.15","300,000.00"
2-Aug-21,"4,406.86","4,422.18","4,384.81","4,387.16","400,000.00"
30-Jul-21,"4,395.12","4,412.25","4,389.65","4,395.26","500,000.00"
29-Jul-21,"4,403.59","4,429.97","4,403.59","4,419.15","600,000.00"
28-Jul-21,"4,402.95","4,415.47","4,387.01","4,400.64","700,000.00"
27-Jul-21,"4,416.38","4,416.38","4,372.51","4,401.46","800,000.00"
26-Jul-21,"4,409.58","4,422.73","4,405.45","4,422.30","900,000.00"
23-Jul-21,"4,381.20","4,415.18","4,381.20","4,411.79","1,000,000.00"
22-Jul-21,"4,361.27","4,369.87","4,350.06","4,367.48","1,100,000.00"
21-Jul-21,"4,331.13","4,359.70","4,331.13","4,358.69","1,000,000.00"
20-Jul-21,"4,265.11","4,336.84","4,262.05","4,323.06","900,000.00"
19-Jul-21,"4,296.40","4,296.40","4,233.13","4,258.49","800,000.00"
16-Jul-21,"4,367.43","4,375.09","4,322.53","4,327.16","700,000.00"
15-Jul-21,"4,369.02","4,369.02","4,340.70","4,360.03","600,000.00"
14-Jul-21,"4,380.11","4,393.68","4,362.36","4,374.30","500,000.00"
13-Jul-21,"4,381.07","4,392.37","4,366.92","4,369.21","600,000.00"
12-Jul-21,"4,372.41","4,386.68","4,364.03","4,384.63","700,000.00"
9-Jul-21,"4,329.38","4,371.60","4,329.38","4,369.55","800,000.00"
8-Jul-21,"4,321.07","4,330.88","4,289.37","4,320.82","900,000.00"
7-Jul-21,"4,351.01","4,361.88","4,329.79","4,358.13","1,000,000.00"
6-Jul-21,"4,356.46","4,356.46","4,314.37","4,343.54","1,100,000.00"
2-Jul-21,"4,326.60","4,355.43","4,326.60","4,352.34","1,200,000.00"
1-Jul-21,"4,300.73","4,320.66","4,300.73","4,319.94","1,300,000.00"
30-Jun-21,"4,290.65","4,302.43","4,287.96","4,297.50","1,400,000.00"
29-Jun-21,"4,293.21","4,300.52","4,287.04","4,291.80","1,500,000.00"
28-Jun-21,"4,284.90","4,292.14","4,274.67","4,290.61","1,600,000.00"
25-Jun-21,"4,274.45","4,286.12","4,271.16","4,280.70","1,700,000.00"
24-Jun-21,"4,256.97","4,271.28","4,256.97","4,266.49","1,800,000.00"
23-Jun-21,"4,249.27","4,256.60","4,241.43","4,241.84","1,900,000.00"
22-Jun-21,"4,224.61","4,255.84","4,217.27","4,246.44","100,000.00"
21-Jun-21,"4,173.40","4,226.24","4,173.40","4,224.79","200,000.00"
18-Jun-21,"4,204.78","4,204.78","4,164.40","4,166.45","300,000.00"
17-Jun-21,"4,220.37","4,232.29","4,196.05","4,221.86","400,000.00"
16-Jun-21,"4,248.87","4,251.89","4,202.45","4,223.70","500,000.00"
15-Jun-21,"4,255.28","4,257.16","4,238.35","4,246.59","600,000.00"
14-Jun-21,"4,248.31","4,255.59","4,234.07","4,255.15","700,000.00"
11-Jun-21,"4,242.90","4,248.38","4,232.25","4,247.44","600,000.00"
10-Jun-21,"4,228.56","4,249.74","4,220.34","4,239.18","500,000.00"
9-Jun-21,"4,232.99","4,237.09","4,218.74","4,219.55","400,000.00"
8-Jun-21,"4,233.81","4,236.74","4,208.41","4,227.26","300,000.00"
7-Jun-21,"4,229.34","4,232.34","4,215.66","4,226.52","400,000.00"
4-Jun-21,"4,206.05","4,233.45","4,206.05","4,229.89","500,000.00"
3-Jun-21,"4,191.43","4,204.39","4,167.93","4,192.85","600,000.00"
2-Jun-21,"4,206.82","4,217.37","4,198.27","4,208.12","700,000.00"
1-Jun-21,"4,216.52","4,234.12","4,197.59","4,202.04","800,000.00"
28-May-21,"4,210.77","4,218.36","4,203.57","4,204.11","900,000.00"
27-May-21,"4,201.94","4,213.38","4,197.78","4,200.88","1,000,000.00"
26-May-21,"4,191.59","4,202.61","4,184.11","4,195.99","1,100,000.00"
25-May-21,"4,205.94","4,213.42","4,182.52","4,188.13","1,000,000.00"
24-May-21,"4,170.16","4,209.52","4,170.16","4,197.05","900,000.00"
21-May-21,"4,168.61","4,188.72","4,151.72","4,155.86","800,000.00"
20-May-21,"4,121.97","4,172.80","4,121.97","4,159.12","700,000.00"
19-May-21,"4,098.45","4,116.93","4,061.41","4,115.68","600,000.00"
18-May-21,"4,165.94","4,169.15","4,125.99","4,127.83","500,000.00"
17-May-21,"4,169.92","4,171.92","4,142.69","4,163.29","600,000.00"
14-May-21,"4,129.58","4,183.13","4,129.58","4,173.85","700,000.00"
13-May-21,"4,074.99","4,131.58","4,074.99","4,112.50","800,000.00"
12-May-21,"4,130.55","4,134.73","4,056.88","4,063.04","900,000.00"
11-May-21,"4,150.34","4,162.04","4,111.53","4,152.10","1,000,000.00"
10-May-21,"4,228.29","4,236.39","4,188.13","4,188.43","1,100,000.00"
7-May-21,"4,210.34","4,238.04","4,201.64","4,232.60","1,200,000.00"
6-May-21,"4,169.14","4,202.70","4,147.33","4,201.62","1,300,000.00"
5-May-21,"4,177.06","4,187.72","4,160.94","4,167.59","1,400,000.00"
4-May-21,"4,179.04","4,179.04","4,128.59","4,164.66","1,500,000.00"
3-May-21,"4,191.98","4,209.39","4,188.03","4,192.66","1,600,000.00"
30-Apr-21,"4,198.10","4,198.10","4,174.85","4,181.17","1,700,000.00"
29-Apr-21,"4,206.14","4,218.78","4,176.81","4,211.47","1,800,000.00"
28-Apr-21,"4,185.14","4,201.53","4,181.78","4,183.18","1,900,000.00"
27-Apr-21,"4,188.25","4,193.35","4,176.22","4,186.72","100,000.00"
26-Apr-21,"4,185.03","4,194.19","4,182.36","4,187.62","200,000.00"
23-Apr-21,"4,138.78","4,194.17","4,138.78","4,180.17","300,000.00"
22-Apr-21,"4,170.46","4,179.57","4,123.69","4,134.98","400,000.00"
21-Apr-21,"4,128.42","4,175.02","4,126.35","4,173.42","500,000.00"
20-Apr-21,"4,159.18","4,159.18","4,118.38","4,134.94","600,000.00"
19-Apr-21,"4,179.80","4,180.81","4,150.47","4,163.26","700,000.00"
16-Apr-21,"4,174.14","4,191.31","4,170.75","4,185.47","600,000.00"
15-Apr-21,"4,139.76","4,173.49","4,139.76","4,170.42","500,000.00"
14-Apr-21,"4,141.58","4,151.69","4,120.87","4,124.66","400,000.00"
13-Apr-21,"4,130.10","4,148.00","4,124.43","4,141.59","300,000.00"
12-Apr-21,"4,124.71","4,131.76","4,114.82","4,127.99","400,000.00"
9-Apr-21,"4,096.11","4,129.48","4,095.51","4,128.80","500,000.00"
8-Apr-21,"4,089.95","4,098.19","4,082.54","4,097.17","600,000.00"
7-Apr-21,"4,074.29","4,083.13","4,068.31","4,079.95","700,000.00"
6-Apr-21,"4,075.57","4,086.23","4,068.14","4,073.94","800,000.00"
5-Apr-21,"4,034.44","4,083.42","4,034.44","4,077.91","900,000.00"
1-Apr-21,"3,992.78","4,020.63","3,992.78","4,019.87","1,000,000.00"
31-Mar-21,"3,967.25","3,994.41","3,966.98","3,972.89","1,100,000.00"
30-Mar-21,"3,963.34","3,968.01","3,944.35","3,958.55","1,000,000.00"
29-Mar-21,"3,969.31","3,981.83","3,943.25","3,971.09","900,000.00"
26-Mar-21,"3,917.12","3,978.19","3,917.12","3,974.54","800,000.00"
25-Mar-21,"3,879.34","3,919.54","3,853.50","3,909.52","700,000.00"
24-Mar-21,"3,919.93","3,942.08","3,889.07","3,889.14","600,000.00"
23-Mar-21,"3,937.60","3,949.13","3,901.57","3,910.52","500,000.00"
22-Mar-21,"3,916.48","3,955.31","3,914.16","3,940.59","600,000.00"
19-Mar-21,"3,913.14","3,930.12","3,886.75","3,913.10","700,000.00"
18-Mar-21,"3,953.50","3,969.62","3,910.86","3,915.46","800,000.00"
17-Mar-21,"3,949.57","3,983.87","3,935.74","3,974.12","900,000.00"
16-Mar-21,"3,973.59","3,981.04","3,953.44","3,962.71","1,000,000.00"
15-Mar-21,"3,942.96","3,970.08","3,923.54","3,968.94","1,100,000.00"
12-Mar-21,"3,924.52","3,944.99","3,915.21","3,943.34","1,200,000.00"
11-Mar-21,"3,915.54","3,960.27","3,915.54","3,939.34","1,300,000.00"
10-Mar-21,"3,891.99","3,917.35","3,885.73","3,898.81","1,400,000.00"
9-Mar-21,"3,851.93","3,903.76","3,851.93","3,875.44","1,500,000.00"
8-Mar-21,"3,844.39","3,881.06","3,819.25","3,821.35","1,600,000.00"
5-Mar-21,"3,793.58","3,851.69","3,730.19","3,841.94","1,700,000.00"
4-Mar-21,"3,818.53","3,843.67","3,723.34","3,768.47","1,800,000.00"
3-Mar-21,"3,863.99","3,874.47","3,818.86","3,819.72","1,900,000.00"
2-Mar-21,"3,903.64","3,906.41","3,868.57","3,870.29","100,000.00"
1-Mar-21,"3,842.51","3,914.50","3,842.51","3,901.82","200,000.00"
26-Feb-21,"3,839.66","3,861.08","3,789.54","3,811.15","300,000.00"
25-Feb-21,"3,915.80","3,925.02","3,814.04","3,829.34","400,000.00"
24-Feb-21,"3,873.71","3,928.65","3,859.60","3,925.43","500,000.00"
23-Feb-21,"3,857.07","3,895.98","3,805.59","3,881.37","600,000.00"
22-Feb-21,"3,885.55","3,902.92","3,874.71","3,876.50","700,000.00"
19-Feb-21,"3,921.16","3,930.41","3,903.07","3,906.71","600,000.00"
18-Feb-21,"3,915.86","3,921.98","3,885.03","3,913.97","500,000.00"
17-Feb-21,"3,918.50","3,933.61","3,900.43","3,931.33","400,000.00"
16-Feb-21,"3,939.61","3,950.43","3,923.85","3,932.59","300,000.00"
12-Feb-21,"3,911.65","3,937.23","3,905.78","3,934.83","400,000.00"
11-Feb-21,"3,916.40","3,925.99","3,890.39","3,916.38","500,000.00"
10-Feb-21,"3,920.78","3,931.50","3,884.94","3,909.88","600,000.00"
9-Feb-21,"3,910.49","3,918.35","3,902.64","3,911.23","700,000.00"
8-Feb-21,"3,892.59","3,915.77","3,892.59","3,915.59","800,000.00"
5-Feb-21,"3,878.30","3,894.56","3,874.93","3,886.83","900,000.00"
4-Feb-21,"3,836.66","3,872.42","3,836.66","3,871.74","1,000,000.00"
3-Feb-21,"3,840.27","3,847.51","3,816.68","3,830.17","1,100,000.00"
2-Feb-21,"3,791.84","3,843.09","3,791.84","3,826.31","1,000,000.00"
1-Feb-21,"3,731.17","3,784.32","3,725.62","3,773.86","900,000.00"
29-Jan-21,"3,778.05","3,778.05","3,694.12","3,714.24","800,000.00"
28-Jan-21,"3,755.75","3,830.50","3,755.75","3,787.38","700,000.00"
27-Jan-21,"3,836.83","3,836.83","3,732.48","3,750.77","600,000.00"
26-Jan-21,"3,862.96","3,870.90","3,847.78","3,849.62","500,000.00"
25-Jan-21,"3,851.68","3,859.23","3,797.16","3,855.36","600,000.00"
22-Jan-21,"3,844.24","3,852.31","3,830.41","3,841.47","700,000.00"
21-Jan-21,"3,857.46","3,861.45","3,845.05","3,853.07","800,000.00"
20-Jan-21,"3,816.22","3,859.75","3,816.22","3,851.85","900,000.00"
19-Jan-21,"3,781.88","3,804.53","3,780.37","3,798.91","1,000,000.00"
15-Jan-21,"3,788.73","3,788.73","3,749.62","3,768.25","1,100,000.00"
14-Jan-21,"3,814.98","3,823.60","3,792.86","3,795.54","1,200,000.00"
13-Jan-21,"3,802.23","3,820.96","3,791.50","3,809.84","1,300,000.00"
12-Jan-21,"3,801.62","3,810.78","3,776.51","3,801.19","1,400,000.00"
11-Jan-21,"3,803.14","3,817.86","3,789.02","3,799.61","1,500,000.00"
8-Jan-21,"3,815.05","3,826.69","3,783.60","3,824.68","1,600,000.00"
7-Jan-21,"3,764.71","3,811.55","3,764.71","3,803.79","1,700,000.00"
6-Jan-21,"3,712.20","3,783.04","3,705.34","3,748.14","1,800,000.00"
5-Jan-21,"3,698.02","3,737.83","3,695.07","3,726.86","1,900,000.00"
4-Jan-21,"3,764.61","3,769.99","3,662.71","3,700.65","100,000.00"
31-Dec-20,"3,733.27","3,760.20","3,726.88","3,756.07","200,000.00"
30-Dec-20,"3,736.19","3,744.63","3,730.21","3,732.04","300,000.00"
29-Dec-20,"3,750.01","3,756.12","3,723.31","3,727.04","400,000.00"
28-Dec-20,"3,723.03","3,740.51","3,723.03","3,735.36","500,000.00"
24-Dec-20,"3,694.03","3,703.82","3,689.32","3,703.06","600,000.00"
23-Dec-20,"3,693.42","3,711.24","3,689.28","3,690.01","700,000.00"
22-Dec-20,"3,698.08","3,698.26","3,676.16","3,687.26","600,000.00"
21-Dec-20,"3,684.28","3,702.90","3,636.48","3,694.92","500,000.00"
18-Dec-20,"3,722.39","3,726.70","3,685.84","3,709.41","400,000.00"
17-Dec-20,"3,713.65","3,725.12","3,710.87","3,722.48","300,000.00"
16-Dec-20,"3,696.25","3,711.27","3,688.57","3,701.17","400,000.00"
15-Dec-20,"3,666.41","3,695.29","3,659.62","3,694.62","500,000.00"
14-Dec-20,"3,675.27","3,697.61","3,645.84","3,647.49","600,000.00"
11-Dec-20,"3,656.08","3,665.91","3,633.40","3,663.46","700,000.00"
10-Dec-20,"3,659.13","3,678.49","3,645.18","3,668.10","800,000.00"
9-Dec-20,"3,705.98","3,712.39","3,660.54","3,672.82","900,000.00"
8-Dec-20,"3,683.05","3,708.45","3,678.83","3,702.25","1,000,000.00"
7-Dec-20,"3,694.73","3,697.41","3,678.88","3,691.96","1,100,000.00"
4-Dec-20,"3,670.94","3,699.20","3,670.94","3,699.12","1,000,000.00"
3-Dec-20,"3,668.28","3,682.73","3,657.17","3,666.72","900,000.00"
2-Dec-20,"3,653.78","3,670.96","3,644.84","3,669.01","800,000.00"
1-Dec-20,"3,645.87","3,678.45","3,645.87","3,662.45","700,000.00"
30-Nov-20,"3,634.18","3,634.18","3,594.39","3,621.63","600,000.00"
27-Nov-20,"3,638.55","3,644.31","3,629.33","3,638.35","500,000.00"
25-Nov-20,"3,635.50","3,635.50","3,617.76","3,629.65","600,000.00"
24-Nov-20,"3,594.52","3,642.31","3,594.52","3,635.41","700,000.00"
23-Nov-20,"3,566.82","3,589.81","3,552.77","3,577.59","800,000.00"
20-Nov-20,"3,579.31","3,581.23","3,556.85","3,557.54","900,000.00"
19-Nov-20,"3,559.41","3,585.22","3,543.84","3,581.87","1,000,000.00"
18-Nov-20,"3,612.09","3,619.09","3,567.33","3,567.79","1,100,000.00"
17-Nov-20,"3,610.31","3,623.11","3,588.68","3,609.53","1,200,000.00"
16-Nov-20,"3,600.16","3,628.51","3,600.16","3,626.91","1,300,000.00"
13-Nov-20,"3,552.57","3,593.66","3,552.57","3,585.15","1,400,000.00"
12-Nov-20,"3,562.67","3,569.02","3,518.58","3,537.01","1,500,000.00"
11-Nov-20,"3,563.22","3,581.16","3,557.00","3,572.66","1,600,000.00"
10-Nov-20,"3,543.26","3,557.22","3,511.91","3,545.53","1,700,000.00"
9-Nov-20,"3,583.04","3,645.99","3,547.48","3,550.50","1,800,000.00"
6-Nov-20,"3,508.34","3,521.58","3,484.34","3,509.44","1,900,000.00"
5-Nov-20,"3,485.74","3,529.05","3,485.74","3,510.45","100,000.00"
4-Nov-20,"3,406.46","3,486.25","3,405.17","3,443.44","200,000.00"
3-Nov-20,"3,336.25","3,389.49","3,336.25","3,369.16","300,000.00"
2-Nov-20,"3,296.20","3,330.14","3,279.74","3,310.24","400,000.00"
30-Oct-20,"3,293.59","3,304.93","3,233.94","3,269.96","500,000.00"
29-Oct-20,"3,277.17","3,341.05","3,259.82","3,310.11","600,000.00"
28-Oct-20,"3,342.48","3,342.48","3,268.89","3,271.03","700,000.00"
27-Oct-20,"3,403.15","3,409.51","3,388.71","3,390.68","600,000.00"
26-Oct-20,"3,441.42","3,441.42","3,364.86","3,400.97","500,000.00"
23-Oct-20,"3,464.90","3,466.46","3,440.45","3,465.39","400,000.00"
22-Oct-20,"3,438.50","3,460.53","3,415.34","3,453.49","300,000.00"
21-Oct-20,"3,439.91","3,464.86","3,433.06","3,435.56","400,000.00"
20-Oct-20,"3,439.38","3,476.93","3,435.65","3,443.12","500,000.00"
19-Oct-20,"3,493.66","3,502.42","3,419.93","3,426.92","600,000.00"
16-Oct-20,"3,493.50","3,515.76","3,480.45","3,483.81","700,000.00"
15-Oct-20,"3,453.72","3,489.08","3,440.89","3,483.34","800,000.00"
14-Oct-20,"3,515.47","3,527.94","3,480.55","3,488.67","900,000.00"
13-Oct-20,"3,534.01","3,534.01","3,500.86","3,511.93","1,000,000.00"
12-Oct-20,"3,500.02","3,549.85","3,499.61","3,534.22","1,100,000.00"
9-Oct-20,"3,459.67","3,482.34","3,458.07","3,477.14","1,000,000.00"
8-Oct-20,"3,434.28","3,447.28","3,428.15","3,446.83","900,000.00"
7-Oct-20,"3,384.56","3,426.26","3,384.56","3,419.44","800,000.00"
6-Oct-20,"3,408.74","3,431.56","3,354.54","3,360.97","700,000.00"
5-Oct-20,"3,367.27","3,409.57","3,367.27","3,408.60","600,000.00"
2-Oct-20,"3,338.94","3,369.10","3,323.69","3,348.42","500,000.00"
1-Oct-20,"3,385.87","3,397.18","3,361.39","3,380.80","600,000.00"
30-Sep-20,"3,341.21","3,393.56","3,340.47","3,363.00","700,000.00"
29-Sep-20,"3,350.92","3,357.92","3,327.54","3,335.47","800,000.00"
28-Sep-20,"3,333.90","3,360.74","3,332.91","3,351.60","900,000.00"
25-Sep-20,"3,236.66","3,306.88","3,228.44","3,298.46","1,000,000.00"
24-Sep-20,"3,226.14","3,278.70","3,209.45","3,246.59","1,100,000.00"
23-Sep-20,"3,320.11","3,323.35","3,232.57","3,236.92","1,200,000.00"
22-Sep-20,"3,295.75","3,320.31","3,270.95","3,315.57","1,300,000.00"
21-Sep-20,"3,285.57","3,285.57","3,229.10","3,281.06","1,400,000.00"
18-Sep-20,"3,357.38","3,362.27","3,292.40","3,319.47","1,500,000.00"
17-Sep-20,"3,346.86","3,375.17","3,328.82","3,357.01","1,600,000.00"
16-Sep-20,"3,411.23","3,428.92","3,384.45","3,385.49","1,700,000.00"
15-Sep-20,"3,407.73","3,419.48","3,389.25","3,401.20","1,800,000.00"
14-Sep-20,"3,363.56","3,402.93","3,363.56","3,383.54","1,900,000.00"
11-Sep-20,"3,352.70","3,368.95","3,310.47","3,340.97","100,000.00"
10-Sep-20,"3,412.56","3,425.55","3,329.25","3,339.19","200,000.00"
9-Sep-20,"3,369.82","3,424.77","3,366.84","3,398.96","300,000.00"
8-Sep-20,"3,371.88","3,379.97","3,329.27","3,331.84","400,000.00"
4-Sep-20,"3,453.60","3,479.15","3,349.63","3,426.96","500,000.00"
3-Sep-20,"3,564.74","3,564.85","3,427.41","3,455.06","600,000.00"
2-Sep-20,"3,543.76","3,588.11","3,535.23","3,580.84","700,000.00"
1-Sep-20,"3,507.44","3,528.03","3,494.60","3,526.65","600,000.00"
31-Aug-20,"3,509.73","3,514.77","3,493.25","3,500.31","500,000.00"
28-Aug-20,"3,494.69","3,509.23","3,484.32","3,508.01","400,000.00"
27-Aug-20,"3,485.14","3,501.38","3,468.35","3,484.55","300,000.00"
26-Aug-20,"3,449.97","3,481.07","3,444.15","3,478.73","400,000.00"
25-Aug-20,"3,435.95","3,444.21","3,425.84","3,443.62","500,000.00"
24-Aug-20,"3,418.09","3,432.09","3,413.13","3,431.28","600,000.00"
21-Aug-20,"3,386.01","3,399.96","3,379.31","3,397.16","700,000.00"
20-Aug-20,"3,360.48","3,390.80","3,354.69","3,385.51","800,000.00"
19-Aug-20,"3,392.51","3,399.54","3,369.66","3,374.85","900,000.00"
18-Aug-20,"3,387.04","3,395.06","3,370.15","3,389.78","1,000,000.00"
17-Aug-20,"3,380.86","3,387.59","3,379.22","3,381.99","1,100,000.00"
14-Aug-20,"3,368.66","3,378.51","3,361.64","3,372.85","1,000,000.00"
13-Aug-20,"3,372.95","3,387.24","3,363.35","3,373.43","900,000.00"
12-Aug-20,"3,355.46","3,387.89","3,355.46","3,380.35","800,000.00"
11-Aug-20,"3,370.34","3,381.01","3,326.44","3,333.69","700,000.00"
10-Aug-20,"3,356.04","3,363.29","3,335.44","3,360.47","600,000.00"
7-Aug-20,"3,340.05","3,352.54","3,328.72","3,351.28","500,000.00"
6-Aug-20,"3,323.17","3,351.03","3,318.14","3,349.16","600,000.00"
5-Aug-20,"3,317.37","3,330.77","3,317.37","3,327.77","700,000.00"
4-Aug-20,"3,289.92","3,306.84","3,286.37","3,306.51","800,000.00"
3-Aug-20,"3,288.26","3,302.73","3,284.53","3,294.61","900,000.00"
31-Jul-20,"3,270.45","3,272.17","3,220.26","3,271.12","1,000,000.00"
30-Jul-20,"3,231.76","3,250.92","3,204.13","3,246.22","1,100,000.00"
29-Jul-20,"3,227.22","3,264.74","3,227.22","3,258.44","1,200,000.00"
28-Jul-20,"3,234.27","3,243.72","3,216.17","3,218.44","1,300,000.00"
27-Jul-20,"3,219.84","3,241.43","3,214.25","3,239.41","1,400,000.00"
24-Jul-20,"3,218.58","3,227.26","3,200.05","3,215.63","1,500,000.00"
23-Jul-20,"3,271.64","3,279.99","3,222.66","3,235.66","1,600,000.00"
22-Jul-20,"3,254.86","3,279.32","3,253.10","3,276.02","1,700,000.00"
21-Jul-20,"3,268.52","3,277.29","3,247.77","3,257.30","1,800,000.00"
20-Jul-20,"3,224.29","3,258.61","3,215.16","3,251.84","1,900,000.00"
17-Jul-20,"3,224.21","3,233.52","3,205.65","3,224.73","100,000.00"
16-Jul-20,"3,208.36","3,220.39","3,198.59","3,215.57","200,000.00"
15-Jul-20,"3,225.98","3,238.28","3,200.76","3,226.56","300,000.00"
14-Jul-20,"3,141.11","3,200.95","3,127.66","3,197.52","400,000.00"
13-Jul-20,"3,205.08","3,235.32","3,149.43","3,155.22","500,000.00"
10-Jul-20,"3,152.47","3,186.82","3,136.22","3,185.04","600,000.00"
9-Jul-20,"3,176.17","3,179.78","3,115.70","3,152.05","700,000.00"
8-Jul-20,"3,153.07","3,171.80","3,136.53","3,169.94","600,000.00"
7-Jul-20,"3,166.44","3,184.15","3,142.93","3,145.32","500,000.00"
6-Jul-20,"3,155.29","3,182.59","3,155.29","3,179.72","400,000.00"
2-Jul-20,"3,143.64","3,165.81","3,124.52","3,130.01","300,000.00"
1-Jul-20,"3,105.92","3,128.44","3,101.17","3,115.86","400,000.00"
30-Jun-20,"3,050.20","3,111.51","3,047.83","3,100.29","500,000.00"
29-Jun-20,"3,018.59","3,053.89","2,999.74","3,053.24","600,000.00"
26-Jun-20,"3,073.20","3,073.73","3,004.63","3,009.05","700,000.00"
25-Jun-20,"3,046.60","3,086.25","3,024.01","3,083.76","800,000.00"
24-Jun-20,"3,114.40","3,115.01","3,032.13","3,050.33","900,000.00"
23-Jun-20,"3,138.70","3,154.90","3,127.12","3,131.29","1,000,000.00"
22-Jun-20,"3,094.42","3,120.92","3,079.39","3,117.86","1,100,000.00"
19-Jun-20,"3,140.29","3,155.53","3,083.11","3,097.74","1,000,000.00"
18-Jun-20,"3,101.64","3,120.00","3,093.51","3,115.34","900,000.00"
17-Jun-20,"3,136.13","3,141.16","3,108.03","3,113.49","800,000.00"
16-Jun-20,"3,131.00","3,153.45","3,076.06","3,124.74","700,000.00"
15-Jun-20,"2,993.76","3,079.76","2,965.66","3,066.59","600,000.00"
12-Jun-20,"3,071.04","3,088.42","2,984.47","3,041.31","500,000.00"
11-Jun-20,"3,123.53","3,123.53","2,999.49","3,002.10","600,000.00"
10-Jun-20,"3,213.42","3,223.27","3,181.49","3,190.14","700,000.00"
9-Jun-20,"3,213.32","3,222.71","3,193.11","3,207.18","800,000.00"
8-Jun-20,"3,199.92","3,233.13","3,196.00","3,232.39","900,000.00"
5-Jun-20,"3,163.84","3,211.72","3,163.84","3,193.93","1,000,000.00"
4-Jun-20,"3,111.56","3,128.91","3,090.41","3,112.35","1,100,000.00"
3-Jun-20,"3,098.90","3,130.94","3,098.90","3,122.87","1,200,000.00"
2-Jun-20,"3,064.78","3,081.07","3,051.64","3,080.82","1,300,000.00"
1-Jun-20,"3,038.78","3,062.18","3,031.54","3,055.73","1,400,000.00"
29-May-20,"3,025.17","3,049.17","2,998.61","3,044.31","1,500,000.00"
28-May-20,"3,046.61","3,068.67","3,023.40","3,029.73","1,600,000.00"
27-May-20,"3,015.65","3,036.25","2,969.75","3,036.13","1,700,000.00"
26-May-20,"3,004.08","3,021.72","2,988.17","2,991.77","1,800,000.00"
22-May-20,"2,948.05","2,956.76","2,933.59","2,955.45","1,900,000.00"
21-May-20,"2,969.95","2,978.50","2,938.57","2,948.51","100,000.00"
20-May-20,"2,953.63","2,980.29","2,953.63","2,971.61","200,000.00"
19-May-20,"2,948.59","2,964.21","2,922.35","2,922.94","300,000.00"
18-May-20,"2,913.86","2,968.09","2,913.86","2,953.91","400,000.00"
15-May-20,"2,829.95","2,865.01","2,816.78","2,863.70","500,000.00"
14-May-20,"2,794.54","2,852.80","2,766.64","2,852.50","600,000.00"
13-May-20,"2,865.86","2,874.14","2,793.15","2,820.00","700,000.00"
12-May-20,"2,939.50","2,945.82","2,869.59","2,870.12","600,000.00"
11-May-20,"2,915.46","2,944.25","2,903.44","2,930.19","500,000.00"
8-May-20,"2,908.83","2,932.16","2,902.88","2,929.80","400,000.00"
7-May-20,"2,878.26","2,901.92","2,876.48","2,881.19","300,000.00"
6-May-20,"2,883.14","2,891.11","2,847.65","2,848.42","400,000.00"
5-May-20,"2,868.88","2,898.23","2,863.55","2,868.44","500,000.00"
4-May-20,"2,815.01","2,844.24","2,797.85","2,842.74","600,000.00"
1-May-20,"2,869.09","2,869.09","2,821.61","2,830.71","700,000.00"
30-Apr-20,"2,930.91","2,930.91","2,892.47","2,912.43","800,000.00"
29-Apr-20,"2,918.46","2,954.86","2,912.16","2,939.51","900,000.00"
28-Apr-20,"2,909.96","2,921.15","2,860.71","2,863.39","1,000,000.00"
27-Apr-20,"2,854.65","2,887.72","2,852.89","2,878.48","1,100,000.00"
24-Apr-20,"2,812.64","2,842.71","2,791.76","2,836.74","1,000,000.00"
23-Apr-20,"2,810.42","2,844.90","2,794.26","2,797.80","900,000.00"
22-Apr-20,"2,787.89","2,815.10","2,775.95","2,799.31","800,000.00"
21-Apr-20,"2,784.81","2,785.54","2,727.10","2,736.56","700,000.00"
20-Apr-20,"2,845.62","2,868.98","2,820.43","2,823.16","600,000.00"
17-Apr-20,"2,842.43","2,879.22","2,830.88","2,874.56","500,000.00"
16-Apr-20,"2,799.34","2,806.51","2,764.32","2,799.55","600,000.00"
15-Apr-20,"2,795.64","2,801.88","2,761.54","2,783.36","700,000.00"
14-Apr-20,"2,805.10","2,851.85","2,805.10","2,846.06","800,000.00"
13-Apr-20,"2,782.46","2,782.46","2,721.17","2,761.63","900,000.00"
9-Apr-20,"2,776.99","2,818.57","2,762.36","2,789.82","1,000,000.00"
8-Apr-20,"2,685.00","2,760.75","2,663.30","2,749.98","1,100,000.00"
7-Apr-20,"2,738.65","2,756.89","2,657.67","2,659.41","1,200,000.00"
6-Apr-20,"2,578.28","2,676.85","2,574.57","2,663.68","1,300,000.00"
3-Apr-20,"2,514.92","2,538.18","2,459.96","2,488.65","1,400,000.00"
2-Apr-20,"2,458.54","2,533.22","2,455.79","2,526.90","1,500,000.00"
1-Apr-20,"2,498.08","2,522.75","2,447.49","2,470.50","1,600,000.00"
31-Mar-20,"2,614.69","2,641.39","2,571.15","2,584.59","1,700,000.00"
30-Mar-20,"2,558.98","2,631.80","2,545.28","2,626.65","1,800,000.00"
27-Mar-20,"2,555.87","2,615.91","2,520.02","2,541.47","1,900,000.00"
26-Mar-20,"2,501.29","2,637.01","2,500.72","2,630.07","100,000.00"
25-Mar-20,"2,457.77","2,571.42","2,407.53","2,475.56","200,000.00"
24-Mar-20,"2,344.44","2,449.71","2,344.44","2,447.33","300,000.00"
23-Mar-20,"2,290.71","2,300.73","2,191.86","2,237.40","400,000.00"
20-Mar-20,"2,431.94","2,453.01","2,295.56","2,304.92","500,000.00"
19-Mar-20,"2,393.48","2,466.97","2,319.78","2,409.39","600,000.00"
18-Mar-20,"2,436.50","2,453.57","2,280.52","2,398.10","700,000.00"
17-Mar-20,"2,425.66","2,553.93","2,367.04","2,529.19","600,000.00"
16-Mar-20,"2,508.59","2,562.98","2,380.94","2,386.13","500,000.00"
13-Mar-20,"2,569.99","2,711.33","2,492.37","2,711.02","400,000.00"
12-Mar-20,"2,630.86","2,660.95","2,478.86","2,480.64","300,000.00"
11-Mar-20,"2,825.60","2,825.60","2,707.22","2,741.38","400,000.00"
10-Mar-20,"2,813.48","2,882.59","2,734.00","2,882.23","500,000.00"
9-Mar-20,"2,863.89","2,863.89","2,734.43","2,746.56","600,000.00"
6-Mar-20,"2,954.20","2,985.93","2,901.54","2,972.37","700,000.00"
5-Mar-20,"3,075.70","3,083.04","2,999.83","3,023.94","800,000.00"
4-Mar-20,"3,045.75","3,130.97","3,034.38","3,130.12","900,000.00"
3-Mar-20,"3,096.46","3,136.72","2,976.63","3,003.37","1,000,000.00"
2-Mar-20,"2,974.28","3,090.96","2,945.19","3,090.23","1,100,000.00"
28-Feb-20,"2,916.90","2,959.72","2,855.84","2,954.22","1,000,000.00"
27-Feb-20,"3,062.54","3,097.07","2,977.39","2,978.76","900,000.00"
26-Feb-20,"3,139.90","3,182.51","3,108.99","3,116.39","800,000.00"
25-Feb-20,"3,238.94","3,246.99","3,118.77","3,128.21","700,000.00"
24-Feb-20,"3,257.61","3,259.81","3,214.65","3,225.89","600,000.00"
21-Feb-20,"3,360.50","3,360.76","3,328.45","3,337.75","500,000.00"
20-Feb-20,"3,380.45","3,389.15","3,341.02","3,373.23","600,000.00"
19-Feb-20,"3,380.39","3,393.52","3,378.83","3,386.15","700,000.00"
18-Feb-20,"3,369.04","3,375.01","3,355.61","3,370.29","800,000.00"
14-Feb-20,"3,378.08","3,380.69","3,366.15","3,380.16","900,000.00"
13-Feb-20,"3,365.90","3,385.09","3,360.52","3,373.94","1,000,000.00"
12-Feb-20,"3,370.50","3,381.47","3,369.72","3,379.45","1,100,000.00"
11-Feb-20,"3,365.87","3,375.63","3,352.72","3,357.75","1,200,000.00"
10-Feb-20,"3,318.28","3,352.26","3,317.77","3,352.09","1,300,000.00"
7-Feb-20,"3,335.54","3,341.42","3,322.12","3,327.71","1,400,000.00"
6-Feb-20,"3,344.92","3,347.96","3,334.39","3,345.78","1,500,000.00"
5-Feb-20,"3,324.91","3,337.58","3,313.75","3,334.69","1,600,000.00"
4-Feb-20,"3,280.61","3,306.92","3,280.61","3,297.59","1,700,000.00"
3-Feb-20,"3,235.66","3,268.44","3,235.66","3,248.92","1,800,000.00"
31-Jan-20,"3,282.33","3,282.33","3,214.68","3,225.52","1,900,000.00"
30-Jan-20,"3,256.45","3,285.91","3,242.80","3,283.66","100,000.00"
29-Jan-20,"3,289.46","3,293.47","3,271.89","3,273.40","200,000.00"
28-Jan-20,"3,255.35","3,285.78","3,253.22","3,276.24","300,000.00"
27-Jan-20,"3,247.16","3,258.85","3,234.50","3,243.63","400,000.00"
24-Jan-20,"3,333.10","3,333.18","3,281.53","3,295.47","500,000.00"
23-Jan-20,"3,315.77","3,326.88","3,301.87","3,325.54","600,000.00"
22-Jan-20,"3,330.02","3,337.77","3,320.04","3,321.75","700,000.00"
21-Jan-20,"3,321.03","3,329.79","3,316.61","3,320.79","600,000.00"
17-Jan-20,"3,323.66","3,329.88","3,318.86","3,329.62","500,000.00"
16-Jan-20,"3,302.97","3,317.11","3,302.82","3,316.81","400,000.00"
15-Jan-20,"3,282.27","3,298.66","3,280.69","3,289.29","300,000.00"
14-Jan-20,"3,285.35","3,294.25","3,277.19","3,283.15","400,000.00"
13-Jan-20,"3,271.13","3,288.13","3,268.43","3,288.13","500,000.00"
10-Jan-20,"3,281.81","3,282.99","3,260.86","3,265.35","600,000.00"
9-Jan-20,"3,266.03","3,275.58","3,263.67","3,274.70","700,000.00"
8-Jan-20,"3,238.59","3,267.07","3,236.67","3,253.05","800,000.00"
7-Jan-20,"3,241.86","3,244.91","3,232.43","3,237.18","900,000.00"
6-Jan-20,"3,217.55","3,246.84","3,214.64","3,246.28","1,000,000.00"
3-Jan-20,"3,226.36","3,246.15","3,222.34","3,234.85","1,100,000.00"
2-Jan-20,"3,244.67","3,258.14","3,235.53","3,257.85","1,000,000.00"
31-Dec-19,"3,215.18","3,231.72","3,212.03","3,230.78","900,000.00"
30-Dec-19,"3,240.09","3,240.92","3,216.57","3,221.29","800,000.00"
27-Dec-19,"3,247.23","3,247.93","3,234.37","3,240.02","700,000.00"
26-Dec-19,"3,227.20","3,240.08","3,227.20","3,239.91","600,000.00"
24-Dec-19,"3,225.45","3,226.43","3,220.51","3,223.38","500,000.00"
23-Dec-19,"3,226.05","3,227.78","3,222.30","3,224.01","600,000.00"
20-Dec-19,"3,223.33","3,225.65","3,216.03","3,221.22","700,000.00"
19-Dec-19,"3,192.32","3,205.48","3,192.32","3,205.37","800,000.00"
18-Dec-19,"3,195.21","3,198.48","3,191.14","3,191.14","900,000.00"
17-Dec-19,"3,195.40","3,198.22","3,191.03","3,192.52","1,000,000.00"
16-Dec-19,"3,183.63","3,197.71","3,183.63","3,191.45","1,100,000.00"
13-Dec-19,"3,166.65","3,182.68","3,156.51","3,168.80","1,200,000.00"
12-Dec-19,"3,141.23","3,176.28","3,138.47","3,168.57","1,300,000.00"
11-Dec-19,"3,135.75","3,143.98","3,133.21","3,141.63","1,400,000.00"
10-Dec-19,"3,135.36","3,142.12","3,126.09","3,132.52","1,500,000.00"
9-Dec-19,"3,141.86","3,148.87","3,135.46","3,135.96","1,600,000.00"
6-Dec-19,"3,134.62","3,150.60","3,134.62","3,145.91","1,700,000.00"
5-Dec-19,"3,119.21","3,119.45","3,103.76","3,117.43","1,800,000.00"
4-Dec-19,"3,103.50","3,119.38","3,102.53","3,112.76","1,900,000.00"
3-Dec-19,"3,087.41","3,094.97","3,070.33","3,093.20","100,000.00"
2-Dec-19,"3,143.85","3,144.31","3,110.78","3,113.87","200,000.00"
29-Nov-19,"3,147.18","3,150.30","3,139.34","3,140.98","300,000.00"
27-Nov-19,"3,145.49","3,154.26","3,143.41","3,153.63","400,000.00"
26-Nov-19,"3,134.85","3,142.69","3,131.00","3,140.52","500,000.00"
25-Nov-19,"3,117.44","3,133.83","3,117.44","3,133.64","600,000.00"
22-Nov-19,"3,111.41","3,112.87","3,099.26","3,110.29","700,000.00"
21-Nov-19,"3,108.49","3,110.11","3,094.55","3,103.54","600,000.00"
20-Nov-19,"3,114.66","3,118.97","3,091.41","3,108.46","500,000.00"
19-Nov-19,"3,127.45","3,127.64","3,113.47","3,120.18","400,000.00"
18-Nov-19,"3,117.91","3,124.17","3,112.06","3,122.03","300,000.00"
15-Nov-19,"3,107.92","3,120.46","3,104.60","3,120.46","400,000.00"
14-Nov-19,"3,090.75","3,098.20","3,083.26","3,096.63","500,000.00"
13-Nov-19,"3,084.18","3,098.06","3,078.80","3,094.04","600,000.00"
12-Nov-19,"3,089.28","3,102.61","3,084.73","3,091.84","700,000.00"
11-Nov-19,"3,080.33","3,088.33","3,075.82","3,087.01","800,000.00"
8-Nov-19,"3,081.25","3,093.09","3,073.58","3,093.08","900,000.00"
7-Nov-19,"3,087.02","3,097.77","3,080.23","3,085.18","1,000,000.00"
6-Nov-19,"3,075.10","3,078.34","3,065.89","3,076.78","1,100,000.00"
5-Nov-19,"3,080.80","3,083.95","3,072.15","3,074.62","1,000,000.00"
4-Nov-19,"3,078.96","3,085.20","3,074.87","3,078.27","900,000.00"
1-Nov-19,"3,050.72","3,066.95","3,050.72","3,066.91","800,000.00"
31-Oct-19,"3,046.90","3,046.90","3,023.19","3,037.56","700,000.00"
30-Oct-19,"3,039.74","3,050.10","3,025.96","3,046.77","600,000.00"
29-Oct-19,"3,035.39","3,047.87","3,034.81","3,036.89","500,000.00"
28-Oct-19,"3,032.12","3,044.08","3,032.12","3,039.42","600,000.00"
25-Oct-19,"3,003.32","3,027.39","3,001.94","3,022.55","700,000.00"
24-Oct-19,"3,014.78","3,016.07","3,000.42","3,010.29","800,000.00"
23-Oct-19,"2,994.01","3,004.78","2,991.21","3,004.52","900,000.00"
22-Oct-19,"3,010.73","3,014.57","2,995.04","2,995.99","1,000,000.00"
21-Oct-19,"2,996.48","3,007.33","2,995.35","3,006.72","1,100,000.00"
18-Oct-19,"2,996.84","3,000.00","2,976.31","2,986.20","1,200,000.00"
17-Oct-19,"3,000.77","3,008.29","2,991.79","2,997.95","1,300,000.00"
16-Oct-19,"2,989.68","2,997.54","2,985.20","2,989.69","1,400,000.00"
15-Oct-19,"2,973.61","3,003.28","2,973.61","2,995.68","1,500,000.00"
14-Oct-19,"2,965.81","2,972.84","2,962.94","2,966.15","1,600,000.00"
11-Oct-19,"2,963.07","2,993.28","2,963.07","2,970.27","1,700,000.00"
10-Oct-19,"2,918.55","2,948.46","2,917.12","2,938.13","1,800,000.00"
9-Oct-19,"2,911.10","2,929.32","2,907.41","2,919.40","1,900,000.00"
8-Oct-19,"2,920.40","2,925.47","2,892.66","2,893.06","100,000.00"
7-Oct-19,"2,944.23","2,959.75","2,935.68","2,938.79","200,000.00"
4-Oct-19,"2,918.56","2,953.74","2,918.56","2,952.01","300,000.00"
3-Oct-19,"2,885.38","2,911.13","2,855.94","2,910.63","400,000.00"
2-Oct-19,"2,924.78","2,924.78","2,874.93","2,887.61","500,000.00"
1-Oct-19,"2,983.69","2,992.53","2,938.70","2,940.25","600,000.00"
30-Sep-19,"2,967.07","2,983.85","2,967.07","2,976.74","700,000.00"
27-Sep-19,"2,985.47","2,987.31","2,945.53","2,961.79","600,000.00"
26-Sep-19,"2,985.73","2,987.28","2,963.71","2,977.62","500,000.00"
25-Sep-19,"2,968.35","2,989.82","2,952.86","2,984.87","400,000.00"
24-Sep-19,"3,002.43","3,007.98","2,957.73","2,966.60","300,000.00"
23-Sep-19,"2,983.50","2,999.15","2,982.23","2,991.78","400,000.00"
20-Sep-19,"3,008.42","3,016.37","2,984.68","2,992.07","500,000.00"
19-Sep-19,"3,010.36","3,021.99","3,003.16","3,006.79","600,000.00"
18-Sep-19,"3,001.50","3,007.83","2,978.57","3,006.73","700,000.00"
17-Sep-19,"2,995.67","3,006.21","2,993.73","3,005.70","800,000.00"
16-Sep-19,"2,996.41","3,002.19","2,990.67","2,997.96","900,000.00"
13-Sep-19,"3,012.21","3,017.33","3,002.90","3,007.39","1,000,000.00"
12-Sep-19,"3,009.08","3,020.74","3,000.92","3,009.57","1,100,000.00"
11-Sep-19,"2,981.41","3,000.93","2,975.31","3,000.93","1,000,000.00"
10-Sep-19,"2,971.01","2,979.39","2,957.01","2,979.39","900,000.00"
9-Sep-19,"2,988.43","2,989.43","2,969.39","2,978.43","800,000.00"
6-Sep-19,"2,980.33","2,985.03","2,972.51","2,978.71","700,000.00"
5-Sep-19,"2,960.60","2,985.86","2,960.60","2,976.00","600,000.00"
4-Sep-19,"2,924.67","2,938.84","2,921.86","2,937.78","500,000.00"
3-Sep-19,"2,909.01","2,914.39","2,891.85","2,906.27","600,000.00"
30-Aug-19,"2,937.09","2,940.43","2,913.32","2,926.46","700,000.00"
29-Aug-19,"2,910.37","2,930.50","2,905.67","2,924.58","800,000.00"
28-Aug-19,"2,861.28","2,890.03","2,853.05","2,887.94","900,000.00"
27-Aug-19,"2,893.14","2,898.79","2,860.59","2,869.16","1,000,000.00"
26-Aug-19,"2,866.70","2,879.27","2,856.00","2,878.38","1,100,000.00"
23-Aug-19,"2,911.07","2,927.01","2,834.97","2,847.11","1,200,000.00"
22-Aug-19,"2,930.94","2,939.08","2,904.51","2,922.95","1,300,000.00"
21-Aug-19,"2,922.04","2,928.73","2,917.91","2,924.43","1,400,000.00"
20-Aug-19,"2,919.01","2,923.63","2,899.60","2,900.51","1,500,000.00"
19-Aug-19,"2,913.48","2,931.00","2,913.48","2,923.65","1,600,000.00"
16-Aug-19,"2,864.74","2,893.63","2,864.74","2,888.68","1,700,000.00"
15-Aug-19,"2,846.20","2,856.67","2,825.51","2,847.60","1,800,000.00"
14-Aug-19,"2,894.15","2,894.15","2,839.64","2,840.60","1,900,000.00"
13-Aug-19,"2,880.72","2,943.31","2,877.05","2,926.32","100,000.00"
12-Aug-19,"2,907.07","2,907.58","2,873.14","2,882.70","200,000.00"
9-Aug-19,"2,930.51","2,935.75","2,900.15","2,918.65","300,000.00"
8-Aug-19,"2,896.21","2,938.72","2,894.47","2,938.09","400,000.00"
7-Aug-19,"2,858.65","2,892.17","2,825.71","2,883.98","500,000.00"
6-Aug-19,"2,861.18","2,884.40","2,847.42","2,881.77","600,000.00"
5-Aug-19,"2,898.07","2,898.07","2,822.12","2,844.74","700,000.00"
2-Aug-19,"2,943.90","2,945.50","2,914.11","2,932.05","600,000.00"
1-Aug-19,"2,980.32","3,013.59","2,945.23","2,953.56","500,000.00"
31-Jul-19,"3,016.22","3,017.40","2,958.08","2,980.38","400,000.00"
30-Jul-19,"3,007.66","3,017.19","3,000.94","3,013.18","300,000.00"
29-Jul-19,"3,024.47","3,025.61","3,014.30","3,020.97","400,000.00"
26-Jul-19,"3,013.25","3,027.98","3,012.59","3,025.86","500,000.00"
25-Jul-19,"3,016.26","3,016.31","2,997.24","3,003.67","600,000.00"
24-Jul-19,"2,998.77","3,019.59","2,996.82","3,019.56","700,000.00"
23-Jul-19,"2,994.74","3,005.90","2,988.56","3,005.47","800,000.00"
22-Jul-19,"2,981.93","2,990.71","2,976.65","2,985.03","900,000.00"
19-Jul-19,"3,004.26","3,006.02","2,975.86","2,976.61","1,000,000.00"
18-Jul-19,"2,978.87","2,998.28","2,973.09","2,995.11","1,100,000.00"
17-Jul-19,"3,005.10","3,005.26","2,984.25","2,984.42","1,000,000.00"
16-Jul-19,"3,012.13","3,015.02","3,001.15","3,004.04","900,000.00"
15-Jul-19,"3,017.80","3,017.80","3,008.77","3,014.30","800,000.00"
12-Jul-19,"3,003.36","3,013.92","3,001.87","3,013.77","700,000.00"
11-Jul-19,"2,999.62","3,002.33","2,988.80","2,999.91","600,000.00"
10-Jul-19,"2,989.30","3,002.98","2,984.62","2,993.07","500,000.00"
9-Jul-19,"2,965.52","2,981.90","2,963.44","2,979.63","600,000.00"
8-Jul-19,"2,979.77","2,980.76","2,970.09","2,975.95","700,000.00"
5-Jul-19,"2,984.25","2,994.03","2,967.97","2,990.41","800,000.00"
3-Jul-19,"2,978.08","2,995.84","2,977.96","2,995.82","900,000.00"
2-Jul-19,"2,964.66","2,973.21","2,955.92","2,973.01","1,000,000.00"
1-Jul-19,"2,971.41","2,977.93","2,952.22","2,964.33","1,100,000.00"
28-Jun-19,"2,932.94","2,943.98","2,929.05","2,941.76","1,200,000.00"
27-Jun-19,"2,919.66","2,929.30","2,918.57","2,924.92","1,300,000.00"
26-Jun-19,"2,926.07","2,932.59","2,912.99","2,913.78","1,400,000.00"
25-Jun-19,"2,945.78","2,946.52","2,916.01","2,917.38","1,500,000.00"
24-Jun-19,"2,951.42","2,954.92","2,944.05","2,945.35","1,600,000.00"
21-Jun-19,"2,952.71","2,964.15","2,946.87","2,950.46","1,700,000.00"
20-Jun-19,"2,949.60","2,958.06","2,931.50","2,954.18","1,800,000.00"
19-Jun-19,"2,920.55","2,931.74","2,911.43","2,926.46","1,900,000.00"
18-Jun-19,"2,906.71","2,930.79","2,905.44","2,917.75","100,000.00"
17-Jun-19,"2,889.75","2,897.27","2,887.30","2,889.67","200,000.00"
14-Jun-19,"2,886.82","2,894.45","2,879.62","2,886.98","300,000.00"
13-Jun-19,"2,886.24","2,895.24","2,881.99","2,891.64","400,000.00"
12-Jun-19,"2,882.73","2,888.57","2,874.68","2,879.84","500,000.00"
11-Jun-19,"2,903.27","2,910.61","2,878.53","2,885.72","600,000.00"
10-Jun-19,"2,885.83","2,904.77","2,885.51","2,886.73","700,000.00"
7-Jun-19,"2,852.87","2,884.97","2,852.87","2,873.34","600,000.00"
6-Jun-19,"2,828.51","2,852.10","2,822.45","2,843.49","500,000.00"
5-Jun-19,"2,818.09","2,827.28","2,800.92","2,826.15","400,000.00"
4-Jun-19,"2,762.64","2,804.49","2,762.64","2,803.27","300,000.00"
3-Jun-19,"2,751.53","2,763.07","2,728.81","2,744.45","400,000.00"
31-May-19,"2,766.15","2,768.98","2,750.52","2,752.06","500,000.00"
30-May-19,"2,786.94","2,799.00","2,776.74","2,788.86","600,000.00"
29-May-19,"2,790.25","2,792.03","2,766.06","2,783.02","700,000.00"
28-May-19,"2,830.03","2,840.51","2,801.58","2,802.39","800,000.00"
24-May-19,"2,832.41","2,841.36","2,820.19","2,826.06","900,000.00"
23-May-19,"2,836.70","2,836.70","2,805.49","2,822.24","1,000,000.00"
22-May-19,"2,856.06","2,865.47","2,851.11","2,856.27","1,100,000.00"
21-May-19,"2,854.02","2,868.88","2,854.02","2,864.36","1,000,000.00"
20-May-19,"2,841.94","2,853.86","2,831.29","2,840.23","900,000.00"
17-May-19,"2,858.60","2,885.48","2,854.23","2,859.53","800,000.00"
16-May-19,"2,855.80","2,892.15","2,855.80","2,876.32","700,000.00"
15-May-19,"2,820.38","2,858.68","2,815.08","2,850.96","600,000.00"
14-May-19,"2,820.12","2,852.54","2,820.12","2,834.41","500,000.00"
13-May-19,"2,840.19","2,840.19","2,801.43","2,811.87","600,000.00"
10-May-19,"2,863.10","2,891.31","2,825.39","2,881.40","700,000.00"
9-May-19,"2,859.84","2,875.97","2,836.40","2,870.72","800,000.00"
8-May-19,"2,879.61","2,897.96","2,873.28","2,879.42","900,000.00"
7-May-19,"2,913.03","2,913.03","2,862.60","2,884.05","1,000,000.00"
6-May-19,"2,908.89","2,937.32","2,898.21","2,932.47","1,100,000.00"
3-May-19,"2,929.21","2,947.85","2,929.21","2,945.64","1,200,000.00"
2-May-19,"2,922.16","2,931.68","2,900.50","2,917.52","1,300,000.00"
1-May-19,"2,952.33","2,954.13","2,923.36","2,923.73","1,400,000.00"
30-Apr-19,"2,937.14","2,948.22","2,924.11","2,945.83","1,500,000.00"
29-Apr-19,"2,940.58","2,949.52","2,939.35","2,943.03","1,600,000.00"
26-Apr-19,"2,925.81","2,939.88","2,917.56","2,939.88","1,700,000.00"
25-Apr-19,"2,928.99","2,933.10","2,912.84","2,926.17","1,800,000.00"
24-Apr-19,"2,934.00","2,936.83","2,926.05","2,927.25","1,900,000.00"
23-Apr-19,"2,909.99","2,936.31","2,908.53","2,933.68","100,000.00"
22-Apr-19,"2,898.78","2,909.51","2,896.35","2,907.97","200,000.00"
18-Apr-19,"2,904.81","2,908.40","2,891.90","2,905.03","300,000.00"
17-Apr-19,"2,916.04","2,918.00","2,895.45","2,900.45","400,000.00"
16-Apr-19,"2,912.26","2,916.06","2,900.71","2,907.06","500,000.00"
15-Apr-19,"2,908.32","2,909.60","2,896.48","2,905.58","600,000.00"
12-Apr-19,"2,900.86","2,910.54","2,898.37","2,907.41","700,000.00"
11-Apr-19,"2,891.92","2,893.42","2,881.99","2,888.32","600,000.00"
10-Apr-19,"2,881.37","2,889.71","2,879.13","2,888.21","500,000.00"
9-Apr-19,"2,886.58","2,886.88","2,873.33","2,878.20","400,000.00"
8-Apr-19,"2,888.46","2,895.95","2,880.78","2,895.77","300,000.00"
5-Apr-19,"2,884.16","2,893.24","2,882.99","2,892.74","400,000.00"
4-Apr-19,"2,873.99","2,881.28","2,867.14","2,879.39","500,000.00"
3-Apr-19,"2,876.09","2,885.25","2,865.17","2,873.40","600,000.00"
2-Apr-19,"2,868.24","2,872.90","2,858.75","2,867.24","700,000.00"
1-Apr-19,"2,848.63","2,869.40","2,848.63","2,867.19","800,000.00"
29-Mar-19,"2,828.27","2,836.03","2,819.23","2,834.40","900,000.00"
28-Mar-19,"2,809.40","2,819.71","2,798.77","2,815.44","1,000,000.00"
27-Mar-19,"2,819.72","2,825.56","2,787.72","2,805.37","1,100,000.00"
26-Mar-19,"2,812.66","2,829.87","2,803.99","2,818.46","1,000,000.00"
25-Mar-19,"2,796.01","2,809.79","2,785.02","2,798.36","900,000.00"
22-Mar-19,"2,844.52","2,846.16","2,800.47","2,800.71","800,000.00"
21-Mar-19,"2,819.72","2,860.31","2,817.38","2,854.88","700,000.00"
20-Mar-19,"2,831.34","2,843.54","2,812.43","2,824.23","600,000.00"
19-Mar-19,"2,840.76","2,852.42","2,823.27","2,832.57","500,000.00"
18-Mar-19,"2,822.61","2,835.41","2,821.99","2,832.94","600,000.00"
15-Mar-19,"2,810.79","2,830.73","2,810.79","2,822.48","700,000.00"
14-Mar-19,"2,810.38","2,815.00","2,803.46","2,808.48","800,000.00"
13-Mar-19,"2,799.78","2,821.24","2,799.78","2,810.92","900,000.00"
12-Mar-19,"2,787.34","2,798.32","2,786.73","2,791.52","1,000,000.00"
11-Mar-19,"2,747.61","2,784.00","2,747.61","2,783.30","1,100,000.00"
8-Mar-19,"2,730.79","2,744.13","2,722.27","2,743.07","1,200,000.00"
7-Mar-19,"2,766.53","2,767.25","2,739.09","2,748.93","1,300,000.00"
6-Mar-19,"2,790.27","2,790.27","2,768.69","2,771.45","1,400,000.00"
5-Mar-19,"2,794.41","2,796.44","2,782.97","2,789.65","1,500,000.00"
4-Mar-19,"2,814.37","2,816.88","2,767.66","2,792.81","1,600,000.00"
1-Mar-19,"2,798.22","2,808.02","2,787.38","2,803.69","1,700,000.00"
28-Feb-19,"2,788.11","2,793.73","2,782.51","2,784.49","1,800,000.00"
27-Feb-19,"2,787.50","2,795.76","2,775.13","2,792.38","1,900,000.00"
26-Feb-19,"2,792.36","2,803.12","2,789.47","2,793.90","100,000.00"
25-Feb-19,"2,804.35","2,813.49","2,794.99","2,796.11","200,000.00"
22-Feb-19,"2,780.67","2,794.20","2,779.11","2,792.67","300,000.00"
21-Feb-19,"2,780.24","2,781.58","2,764.55","2,774.88","400,000.00"
20-Feb-19,"2,779.05","2,789.88","2,774.06","2,784.70","500,000.00"
19-Feb-19,"2,769.28","2,787.33","2,767.29","2,779.76","600,000.00"
15-Feb-19,"2,760.24","2,775.66","2,760.24","2,775.60","700,000.00"
14-Feb-19,"2,743.50","2,757.90","2,731.23","2,745.73","600,000.00"
13-Feb-19,"2,750.30","2,761.85","2,748.63","2,753.03","500,000.00"
12-Feb-19,"2,722.61","2,748.19","2,722.61","2,744.73","400,000.00"
11-Feb-19,"2,712.40","2,718.05","2,703.79","2,709.80","300,000.00"
8-Feb-19,"2,692.36","2,708.07","2,681.83","2,707.88","400,000.00"
7-Feb-19,"2,717.53","2,719.32","2,687.26","2,706.05","500,000.00"
6-Feb-19,"2,735.05","2,738.08","2,724.15","2,731.61","600,000.00"
5-Feb-19,"2,728.34","2,738.98","2,724.03","2,737.70","700,000.00"
4-Feb-19,"2,706.49","2,724.99","2,698.75","2,724.87","800,000.00"
1-Feb-19,"2,702.32","2,716.66","2,696.88","2,706.53","900,000.00"
31-Jan-19,"2,685.49","2,708.95","2,678.65","2,704.10","1,000,000.00"
30-Jan-19,"2,653.62","2,690.44","2,648.34","2,681.05","1,100,000.00"
29-Jan-19,"2,644.89","2,650.93","2,631.05","2,640.00","1,000,000.00"
28-Jan-19,"2,644.97","2,644.97","2,624.06","2,643.85","900,000.00"
25-Jan-19,"2,657.44","2,672.38","2,657.33","2,664.76","800,000.00"
24-Jan-19,"2,638.84","2,647.20","2,627.01","2,642.33","700,000.00"
23-Jan-19,"2,643.48","2,653.19","2,612.86","2,638.70","600,000.00"
22-Jan-19,"2,657.88","2,657.88","2,617.27","2,632.90","500,000.00"
18-Jan-19,"2,651.27","2,675.47","2,647.58","2,670.71","600,000.00"
17-Jan-19,"2,609.28","2,645.06","2,606.36","2,635.96","700,000.00"
16-Jan-19,"2,614.75","2,625.76","2,612.68","2,616.10","800,000.00"
15-Jan-19,"2,585.10","2,613.08","2,585.10","2,610.30","900,000.00"
14-Jan-19,"2,580.31","2,589.32","2,570.41","2,582.61","1,000,000.00"
11-Jan-19,"2,588.11","2,596.27","2,577.40","2,596.26","1,100,000.00"
10-Jan-19,"2,573.51","2,597.82","2,562.02","2,596.64","1,200,000.00"
9-Jan-19,"2,580.00","2,595.32","2,568.89","2,584.96","1,300,000.00"
8-Jan-19,"2,568.11","2,579.82","2,547.56","2,574.41","1,400,000.00"
7-Jan-19,"2,535.61","2,566.16","2,524.56","2,549.69","1,500,000.00"
4-Jan-19,"2,474.33","2,538.07","2,474.33","2,531.94","1,600,000.00"
3-Jan-19,"2,491.92","2,493.14","2,443.96","2,447.89","1,700,000.00"
2-Jan-19,"2,476.96","2,519.49","2,467.47","2,510.03","1,800,000.00"
31-Dec-18,"2,498.94","2,509.24","2,482.82","2,506.85","1,900,000.00"
28-Dec-18,"2,498.77","2,520.27","2,472.89","2,485.74","100,000.00"
27-Dec-18,"2,442.50","2,489.10","2,397.94","2,488.83","200,000.00"
26-Dec-18,"2,363.12","2,467.76","2,346.58","2,467.70","300,000.00"
24-Dec-18,"2,400.56","2,410.34","2,351.10","2,351.10","400,000.00"
21-Dec-18,"2,465.38","2,504.41","2,408.55","2,416.62","500,000.00"
20-Dec-18,"2,496.77","2,509.63","2,441.18","2,467.42","600,000.00"
19-Dec-18,"2,547.05","2,585.29","2,488.96","2,506.96","700,000.00"
18-Dec-18,"2,559.90","2,573.99","2,528.71","2,546.16","600,000.00"
17-Dec-18,"2,590.75","2,601.13","2,530.54","2,545.94","500,000.00"
14-Dec-18,"2,629.68","2,635.07","2,593.84","2,599.95","400,000.00"
13-Dec-18,"2,658.70","2,670.19","2,637.27","2,650.54","300,000.00"
12-Dec-18,"2,658.23","2,685.44","2,650.26","2,651.07","400,000.00"
11-Dec-18,"2,664.44","2,674.35","2,621.30","2,636.78","500,000.00"
10-Dec-18,"2,630.86","2,647.51","2,583.23","2,637.72","600,000.00"
7-Dec-18,"2,691.26","2,708.54","2,623.14","2,633.08","700,000.00"
6-Dec-18,"2,663.51","2,696.15","2,621.53","2,695.95","800,000.00"
4-Dec-18,"2,782.43","2,785.93","2,697.18","2,700.06","900,000.00"
3-Dec-18,"2,790.50","2,800.18","2,773.38","2,790.37","1,000,000.00"
30-Nov-18,"2,737.76","2,760.88","2,732.76","2,760.17","1,100,000.00"
29-Nov-18,"2,736.97","2,753.75","2,722.94","2,737.80","1,000,000.00"
28-Nov-18,"2,691.45","2,744.00","2,684.38","2,743.79","900,000.00"
27-Nov-18,"2,663.75","2,682.53","2,655.89","2,682.17","800,000.00"
26-Nov-18,"2,649.97","2,674.35","2,649.97","2,673.45","700,000.00"
23-Nov-18,"2,633.36","2,647.55","2,631.09","2,632.56","600,000.00"
21-Nov-18,"2,657.74","2,670.73","2,649.82","2,649.93","500,000.00"
20-Nov-18,"2,654.60","2,669.44","2,631.52","2,641.89","600,000.00"
19-Nov-18,"2,730.74","2,733.16","2,681.09","2,690.73","700,000.00"
16-Nov-18,"2,718.54","2,746.75","2,712.16","2,736.27","800,000.00"
15-Nov-18,"2,693.52","2,735.38","2,670.75","2,730.20","900,000.00"
14-Nov-18,"2,737.90","2,746.80","2,685.75","2,701.58","1,000,000.00"
13-Nov-18,"2,730.05","2,754.60","2,714.98","2,722.18","1,100,000.00"
12-Nov-18,"2,773.93","2,775.99","2,722.00","2,726.22","1,200,000.00"
9-Nov-18,"2,794.10","2,794.10","2,764.24","2,781.01","1,300,000.00"
8-Nov-18,"2,806.38","2,814.75","2,794.99","2,806.83","1,400,000.00"
7-Nov-18,"2,774.13","2,815.15","2,774.13","2,813.89","1,500,000.00"
6-Nov-18,"2,738.40","2,756.82","2,737.08","2,755.45","1,600,000.00"
5-Nov-18,"2,726.37","2,744.27","2,717.94","2,738.31","1,700,000.00"
2-Nov-18,"2,745.45","2,756.55","2,700.44","2,723.06","1,800,000.00"
1-Nov-18,"2,717.58","2,741.67","2,708.85","2,740.37","1,900,000.00"
31-Oct-18,"2,705.60","2,736.69","2,705.60","2,711.74","100,000.00"
30-Oct-18,"2,640.68","2,685.43","2,635.34","2,682.63","200,000.00"
29-Oct-18,"2,682.65","2,706.85","2,603.54","2,641.25","300,000.00"
26-Oct-18,"2,667.86","2,692.38","2,628.16","2,658.69","400,000.00"
25-Oct-18,"2,674.88","2,722.70","2,667.84","2,705.57","500,000.00"
24-Oct-18,"2,737.87","2,742.59","2,651.89","2,656.10","600,000.00"
23-Oct-18,"2,721.03","2,753.59","2,691.43","2,740.69","700,000.00"
22-Oct-18,"2,773.94","2,778.94","2,749.22","2,755.88","600,000.00"
19-Oct-18,"2,775.66","2,797.77","2,760.27","2,767.78","500,000.00"
18-Oct-18,"2,802.00","2,806.04","2,755.18","2,768.78","400,000.00"
17-Oct-18,"2,811.67","2,816.94","2,781.81","2,809.21","300,000.00"
16-Oct-18,"2,767.05","2,813.46","2,766.91","2,809.92","400,000.00"
15-Oct-18,"2,763.83","2,775.99","2,749.03","2,750.79","500,000.00"
12-Oct-18,"2,770.54","2,775.77","2,729.44","2,767.13","600,000.00"
11-Oct-18,"2,776.87","2,795.14","2,710.51","2,728.37","700,000.00"
10-Oct-18,"2,873.90","2,874.02","2,784.86","2,785.68","800,000.00"
9-Oct-18,"2,882.51","2,894.83","2,874.27","2,880.34","900,000.00"
8-Oct-18,"2,877.53","2,889.45","2,862.08","2,884.43","1,000,000.00"
5-Oct-18,"2,902.54","2,909.64","2,869.29","2,885.57","1,100,000.00"
4-Oct-18,"2,919.35","2,919.78","2,883.92","2,901.61","1,000,000.00"
3-Oct-18,"2,931.69","2,939.86","2,921.36","2,925.51","900,000.00"
2-Oct-18,"2,923.80","2,931.42","2,919.37","2,923.43","800,000.00"
1-Oct-18,"2,926.29","2,937.06","2,917.91","2,924.59","700,000.00"
28-Sep-18,"2,910.03","2,920.53","2,907.50","2,913.98","600,000.00"
27-Sep-18,"2,911.65","2,927.22","2,909.27","2,914.00","500,000.00"
26-Sep-18,"2,916.98","2,931.15","2,903.28","2,905.97","600,000.00"
25-Sep-18,"2,921.75","2,923.95","2,913.70","2,915.56","700,000.00"
24-Sep-18,"2,921.83","2,923.79","2,912.63","2,919.37","800,000.00"
21-Sep-18,"2,936.76","2,940.91","2,927.11","2,929.67","900,000.00"
20-Sep-18,"2,919.73","2,934.80","2,919.73","2,930.75","1,000,000.00"
19-Sep-18,"2,906.60","2,912.36","2,903.82","2,907.95","1,100,000.00"
18-Sep-18,"2,890.74","2,911.17","2,890.43","2,904.31","1,200,000.00"
17-Sep-18,"2,903.83","2,904.65","2,886.16","2,888.80","1,300,000.00"
14-Sep-18,"2,906.38","2,908.30","2,895.77","2,904.98","1,400,000.00"
13-Sep-18,"2,896.85","2,906.76","2,896.39","2,904.18","1,500,000.00"
12-Sep-18,"2,888.29","2,894.65","2,879.20","2,888.92","1,600,000.00"
11-Sep-18,"2,871.57","2,892.52","2,866.78","2,887.89","1,700,000.00"
10-Sep-18,"2,881.39","2,886.93","2,875.94","2,877.13","1,800,000.00"
7-Sep-18,"2,868.26","2,883.81","2,864.12","2,871.68","1,900,000.00"
6-Sep-18,"2,888.64","2,892.05","2,867.29","2,878.05","100,000.00"
5-Sep-18,"2,891.59","2,894.21","2,876.92","2,888.60","200,000.00"
4-Sep-18,"2,896.96","2,900.18","2,885.13","2,896.72","300,000.00"
31-Aug-18,"2,898.37","2,906.32","2,891.73","2,901.52","400,000.00"
30-Aug-18,"2,908.94","2,912.46","2,895.22","2,901.13","500,000.00"
29-Aug-18,"2,900.62","2,916.50","2,898.40","2,914.04","600,000.00"
28-Aug-18,"2,901.45","2,903.77","2,893.50","2,897.52","700,000.00"
27-Aug-18,"2,884.69","2,898.25","2,884.69","2,896.74","600,000.00"
24-Aug-18,"2,862.35","2,876.16","2,862.35","2,874.69","500,000.00"
23-Aug-18,"2,860.29","2,868.78","2,854.03","2,856.98","400,000.00"
22-Aug-18,"2,860.99","2,867.54","2,856.05","2,861.82","300,000.00"
21-Aug-18,"2,861.51","2,873.23","2,861.32","2,862.96","400,000.00"
20-Aug-18,"2,853.93","2,859.76","2,850.62","2,857.05","500,000.00"
17-Aug-18,"2,838.32","2,855.63","2,833.73","2,850.13","600,000.00"
16-Aug-18,"2,831.44","2,850.49","2,831.44","2,840.69","700,000.00"
15-Aug-18,"2,827.95","2,827.95","2,802.49","2,818.37","800,000.00"
14-Aug-18,"2,827.88","2,843.11","2,826.58","2,839.96","900,000.00"
13-Aug-18,"2,835.46","2,843.40","2,819.88","2,821.93","1,000,000.00"
10-Aug-18,"2,838.90","2,842.20","2,825.81","2,833.28","1,100,000.00"
9-Aug-18,"2,857.19","2,862.48","2,851.98","2,853.58","1,000,000.00"
8-Aug-18,"2,856.79","2,862.44","2,853.09","2,857.70","900,000.00"
7-Aug-18,"2,855.92","2,863.43","2,855.92","2,858.45","800,000.00"
6-Aug-18,"2,840.29","2,853.29","2,835.98","2,850.40","700,000.00"
3-Aug-18,"2,829.62","2,840.38","2,827.37","2,840.35","600,000.00"
2-Aug-18,"2,800.48","2,829.91","2,796.34","2,827.22","500,000.00"
1-Aug-18,"2,821.17","2,825.83","2,805.85","2,813.36","600,000.00"
31-Jul-18,"2,809.73","2,824.46","2,808.06","2,816.29","700,000.00"
30-Jul-18,"2,819.00","2,821.74","2,798.11","2,802.60","800,000.00"
27-Jul-18,"2,842.35","2,843.17","2,808.34","2,818.82","900,000.00"
26-Jul-18,"2,835.49","2,845.57","2,835.26","2,837.44","1,000,000.00"
25-Jul-18,"2,817.73","2,848.03","2,817.73","2,846.07","1,100,000.00"
24-Jul-18,"2,820.68","2,829.99","2,811.12","2,820.40","1,200,000.00"
23-Jul-18,"2,799.17","2,808.61","2,795.14","2,806.98","1,300,000.00"
20-Jul-18,"2,804.55","2,809.70","2,800.01","2,801.83","1,400,000.00"
19-Jul-18,"2,809.37","2,812.05","2,799.77","2,804.49","1,500,000.00"
18-Jul-18,"2,811.35","2,816.76","2,805.89","2,815.62","1,600,000.00"
17-Jul-18,"2,789.34","2,814.19","2,789.24","2,809.55","1,700,000.00"
16-Jul-18,"2,797.36","2,801.19","2,793.39","2,798.43","1,800,000.00"
13-Jul-18,"2,796.93","2,804.53","2,791.69","2,801.31","1,900,000.00"
12-Jul-18,"2,783.14","2,799.22","2,781.53","2,798.29","100,000.00"
11-Jul-18,"2,779.82","2,785.91","2,770.77","2,774.02","200,000.00"
10-Jul-18,"2,788.56","2,795.58","2,786.24","2,793.84","300,000.00"
9-Jul-18,"2,775.62","2,784.65","2,770.73","2,784.17","400,000.00"
6-Jul-18,"2,737.68","2,764.41","2,733.52","2,759.82","500,000.00"
5-Jul-18,"2,724.19","2,737.83","2,716.02","2,736.61","600,000.00"
3-Jul-18,"2,733.27","2,736.58","2,711.16","2,713.22","700,000.00"
2-Jul-18,"2,704.95","2,727.26","2,698.95","2,726.71","600,000.00"
29-Jun-18,"2,727.13","2,743.26","2,718.03","2,718.37","500,000.00"
28-Jun-18,"2,698.69","2,724.34","2,691.99","2,716.31","400,000.00"
27-Jun-18,"2,728.45","2,746.09","2,699.38","2,699.63","300,000.00"
26-Jun-18,"2,722.12","2,732.91","2,715.60","2,723.06","400,000.00"
25-Jun-18,"2,742.94","2,742.94","2,698.67","2,717.07","500,000.00"
22-Jun-18,"2,760.79","2,764.17","2,752.68","2,754.88","600,000.00"
21-Jun-18,"2,769.28","2,769.28","2,744.39","2,749.76","700,000.00"
20-Jun-18,"2,769.73","2,774.86","2,763.91","2,767.32","800,000.00"
19-Jun-18,"2,752.01","2,765.05","2,743.19","2,762.59","900,000.00"
18-Jun-18,"2,765.79","2,774.99","2,757.12","2,773.75","1,000,000.00"
15-Jun-18,"2,777.78","2,782.81","2,761.73","2,779.66","1,100,000.00"
14-Jun-18,"2,783.21","2,789.06","2,776.52","2,782.49","1,000,000.00"
13-Jun-18,"2,787.94","2,791.47","2,774.65","2,775.63","900,000.00"
12-Jun-18,"2,785.60","2,789.80","2,778.78","2,786.85","800,000.00"
11-Jun-18,"2,780.18","2,790.21","2,780.17","2,782.00","700,000.00"
8-Jun-18,"2,765.84","2,779.39","2,763.59","2,779.03","600,000.00"
7-Jun-18,"2,774.84","2,779.90","2,760.16","2,770.37","500,000.00"
6-Jun-18,"2,753.25","2,772.39","2,748.46","2,772.35","600,000.00"
5-Jun-18,"2,748.46","2,752.61","2,739.51","2,748.80","700,000.00"
4-Jun-18,"2,741.67","2,749.16","2,740.54","2,746.87","800,000.00"
1-Jun-18,"2,718.70","2,736.93","2,718.70","2,734.62","900,000.00"
31-May-18,"2,720.98","2,722.50","2,700.68","2,705.27","1,000,000.00"
30-May-18,"2,702.43","2,729.34","2,702.43","2,724.01","1,100,000.00"
29-May-18,"2,705.11","2,710.67","2,676.81","2,689.86","1,200,000.00"
25-May-18,"2,723.60","2,727.36","2,714.99","2,721.33","1,300,000.00"
24-May-18,"2,730.94","2,731.97","2,707.38","2,727.76","1,400,000.00"
23-May-18,"2,713.98","2,733.33","2,709.54","2,733.29","1,500,000.00"
22-May-18,"2,738.34","2,742.24","2,721.88","2,724.44","1,600,000.00"
21-May-18,"2,735.39","2,739.19","2,725.70","2,733.01","1,700,000.00"
18-May-18,"2,717.35","2,719.50","2,709.18","2,712.97","1,800,000.00"
17-May-18,"2,719.71","2,731.96","2,711.36","2,720.13","1,900,000.00"
16-May-18,"2,712.62","2,727.76","2,712.17","2,722.46","100,000.00"
15-May-18,"2,718.59","2,718.59","2,701.91","2,711.45","200,000.00"
14-May-18,"2,738.47","2,742.10","2,725.47","2,730.13","300,000.00"
11-May-18,"2,722.70","2,732.86","2,717.45","2,727.72","400,000.00"
10-May-18,"2,705.02","2,726.11","2,704.54","2,723.07","500,000.00"
9-May-18,"2,678.12","2,701.27","2,674.14","2,697.79","600,000.00"
8-May-18,"2,670.26","2,676.34","2,655.20","2,671.92","700,000.00"
7-May-18,"2,680.34","2,683.35","2,664.70","2,672.63","600,000.00"
4-May-18,"2,621.45","2,670.93","2,615.32","2,663.42","500,000.00"
3-May-18,"2,628.08","2,637.14","2,594.62","2,629.73","400,000.00"
2-May-18,"2,654.24","2,660.87","2,631.70","2,635.67","300,000.00"
1-May-18,"2,642.96","2,655.27","2,625.41","2,654.80","400,000.00"
30-Apr-18,"2,682.51","2,682.87","2,648.04","2,648.05","500,000.00"
27-Apr-18,"2,675.47","2,677.35","2,659.01","2,669.91","600,000.00"
26-Apr-18,"2,651.65","2,676.48","2,647.16","2,666.94","700,000.00"
25-Apr-18,"2,634.92","2,645.30","2,612.67","2,639.40","800,000.00"
24-Apr-18,"2,680.80","2,683.55","2,617.32","2,634.56","900,000.00"
23-Apr-18,"2,675.40","2,682.86","2,657.99","2,670.29","1,000,000.00"
20-Apr-18,"2,692.56","2,693.94","2,660.61","2,670.14","1,100,000.00"
19-Apr-18,"2,701.16","2,702.84","2,681.90","2,693.13","1,000,000.00"
18-Apr-18,"2,710.11","2,717.49","2,703.63","2,708.64","900,000.00"
17-Apr-18,"2,692.74","2,713.34","2,692.05","2,706.39","800,000.00"
16-Apr-18,"2,670.10","2,686.49","2,665.16","2,677.84","700,000.00"
13-Apr-18,"2,676.90","2,680.26","2,645.05","2,656.30","600,000.00"
12-Apr-18,"2,653.83","2,674.72","2,653.83","2,663.99","500,000.00"
11-Apr-18,"2,643.89","2,661.43","2,639.25","2,642.19","600,000.00"
10-Apr-18,"2,638.41","2,665.45","2,635.78","2,656.87","700,000.00"
9-Apr-18,"2,617.18","2,653.55","2,610.79","2,613.16","800,000.00"
6-Apr-18,"2,645.82","2,656.88","2,586.27","2,604.47","900,000.00"
5-Apr-18,"2,657.36","2,672.08","2,649.58","2,662.84","1,000,000.00"
4-Apr-18,"2,584.04","2,649.86","2,573.61","2,644.69","1,100,000.00"
3-Apr-18,"2,592.17","2,619.14","2,575.49","2,614.45","1,200,000.00"
2-Apr-18,"2,633.45","2,638.30","2,553.80","2,581.88","1,300,000.00"
29-Mar-18,"2,614.41","2,659.07","2,609.72","2,640.87","1,400,000.00"
28-Mar-18,"2,611.30","2,632.65","2,593.06","2,605.00","1,500,000.00"
27-Mar-18,"2,667.57","2,674.78","2,596.12","2,612.62","1,600,000.00"
26-Mar-18,"2,619.35","2,661.36","2,601.81","2,658.55","1,700,000.00"
23-Mar-18,"2,646.71","2,657.67","2,585.89","2,588.26","1,800,000.00"
22-Mar-18,"2,691.36","2,695.68","2,641.59","2,643.69","1,900,000.00"
21-Mar-18,"2,714.99","2,739.14","2,709.79","2,711.93","100,000.00"
20-Mar-18,"2,715.05","2,724.22","2,710.05","2,716.94","200,000.00"
19-Mar-18,"2,741.38","2,741.38","2,694.59","2,712.92","300,000.00"
16-Mar-18,"2,750.57","2,761.85","2,749.97","2,752.01","400,000.00"
15-Mar-18,"2,754.27","2,763.03","2,741.47","2,747.33","500,000.00"
14-Mar-18,"2,774.06","2,777.11","2,744.38","2,749.48","600,000.00"
13-Mar-18,"2,792.31","2,801.90","2,758.68","2,765.31","700,000.00"
12-Mar-18,"2,790.54","2,796.98","2,779.26","2,783.02","600,000.00"
9-Mar-18,"2,752.91","2,786.57","2,751.54","2,786.57","500,000.00"
8-Mar-18,"2,732.75","2,740.45","2,722.65","2,738.97","400,000.00"
7-Mar-18,"2,710.18","2,730.60","2,701.74","2,726.80","300,000.00"
6-Mar-18,"2,730.18","2,732.08","2,711.26","2,728.12","400,000.00"
5-Mar-18,"2,681.06","2,728.09","2,675.75","2,720.94","500,000.00"
2-Mar-18,"2,658.89","2,696.25","2,647.32","2,691.25","600,000.00"
1-Mar-18,"2,715.22","2,730.89","2,659.65","2,677.67","700,000.00"
28-Feb-18,"2,753.78","2,761.52","2,713.54","2,713.83","800,000.00"
27-Feb-18,"2,780.45","2,789.15","2,744.22","2,744.28","900,000.00"
26-Feb-18,"2,757.37","2,780.64","2,753.78","2,779.60","1,000,000.00"
23-Feb-18,"2,715.80","2,747.76","2,713.74","2,747.30","1,100,000.00"
22-Feb-18,"2,710.42","2,731.26","2,697.77","2,703.96","1,000,000.00"
21-Feb-18,"2,720.53","2,747.75","2,701.29","2,701.33","900,000.00"
20-Feb-18,"2,722.99","2,737.60","2,706.76","2,716.26","800,000.00"
16-Feb-18,"2,727.14","2,754.42","2,725.11","2,732.22","700,000.00"
15-Feb-18,"2,713.46","2,731.51","2,689.82","2,731.20","600,000.00"
14-Feb-18,"2,651.21","2,702.10","2,648.87","2,698.63","500,000.00"
13-Feb-18,"2,646.27","2,668.84","2,637.08","2,662.94","600,000.00"
12-Feb-18,"2,636.75","2,672.61","2,622.45","2,656.00","700,000.00"
9-Feb-18,"2,601.78","2,638.67","2,532.69","2,619.55","800,000.00"
8-Feb-18,"2,685.01","2,685.27","2,580.56","2,581.00","900,000.00"
7-Feb-18,"2,690.95","2,727.67","2,681.33","2,681.66","1,000,000.00"
6-Feb-18,"2,614.78","2,701.04","2,593.07","2,695.14","1,100,000.00"
5-Feb-18,"2,741.06","2,763.39","2,638.17","2,648.94","1,200,000.00"
2-Feb-18,"2,808.92","2,808.92","2,759.97","2,762.13","1,300,000.00"
1-Feb-18,"2,816.45","2,835.96","2,812.70","2,821.98","1,400,000.00"
31-Jan-18,"2,832.41","2,839.26","2,813.04","2,823.81","1,500,000.00"
30-Jan-18,"2,832.74","2,837.75","2,818.27","2,822.43","1,600,000.00"
29-Jan-18,"2,867.23","2,870.62","2,851.48","2,853.53","1,700,000.00"
26-Jan-18,"2,847.48","2,872.87","2,846.18","2,872.87","1,800,000.00"
25-Jan-18,"2,846.24","2,848.56","2,830.94","2,839.25","1,900,000.00"
24-Jan-18,"2,845.42","2,852.97","2,824.81","2,837.54","100,000.00"
23-Jan-18,"2,835.05","2,842.24","2,830.59","2,839.13","200,000.00"
22-Jan-18,"2,809.16","2,833.03","2,808.12","2,832.97","300,000.00"
19-Jan-18,"2,802.60","2,810.33","2,798.08","2,810.30","400,000.00"
18-Jan-18,"2,802.40","2,805.83","2,792.56","2,798.03","500,000.00"
17-Jan-18,"2,784.99","2,807.04","2,778.38","2,802.56","600,000.00"
16-Jan-18,"2,798.96","2,807.54","2,768.64","2,776.42","700,000.00"
12-Jan-18,"2,770.18","2,787.85","2,769.64","2,786.24","600,000.00"
11-Jan-18,"2,752.97","2,767.56","2,752.78","2,767.56","500,000.00"
10-Jan-18,"2,745.55","2,750.80","2,736.06","2,748.23","400,000.00"
9-Jan-18,"2,751.15","2,759.14","2,747.86","2,751.29","300,000.00"
8-Jan-18,"2,742.67","2,748.51","2,737.60","2,747.71","400,000.00"
5-Jan-18,"2,731.33","2,743.45","2,727.92","2,743.15","500,000.00"
4-Jan-18,"2,719.31","2,729.29","2,719.07","2,723.99","600,000.00"
3-Jan-18,"2,697.85","2,714.37","2,697.77","2,713.06","700,000.00"
2-Jan-18,"2,683.73","2,695.89","2,682.36","2,695.81","800,000.00"
29-Dec-17,"2,689.15","2,692.12","2,673.61","2,673.61","900,000.00"
28-Dec-17,"2,686.10","2,687.66","2,682.69","2,687.54","1,000,000.00"
27-Dec-17,"2,682.10","2,685.64","2,678.91","2,682.62","1,100,000.00"
26-Dec-17,"2,679.09","2,682.74","2,677.96","2,680.50","1,000,000.00"
22-Dec-17,"2,684.22","2,685.35","2,678.13","2,683.34","900,000.00"
21-Dec-17,"2,683.02","2,692.64","2,682.40","2,684.57","800,000.00"
20-Dec-17,"2,688.18","2,691.01","2,676.11","2,679.25","700,000.00"
19-Dec-17,"2,692.71","2,694.44","2,680.74","2,681.47","600,000.00"
18-Dec-17,"2,685.92","2,694.97","2,685.92","2,690.16","500,000.00"
15-Dec-17,"2,660.63","2,679.63","2,659.14","2,675.81","600,000.00"
14-Dec-17,"2,665.87","2,668.09","2,652.01","2,652.01","700,000.00"
13-Dec-17,"2,667.59","2,671.88","2,662.85","2,662.85","800,000.00"
12-Dec-17,"2,661.73","2,669.72","2,659.78","2,664.11","900,000.00"
11-Dec-17,"2,652.19","2,660.33","2,651.47","2,659.99","1,000,000.00"
8-Dec-17,"2,646.21","2,651.65","2,644.10","2,651.50","1,100,000.00"
7-Dec-17,"2,628.38","2,640.99","2,626.53","2,636.98","1,200,000.00"
6-Dec-17,"2,626.24","2,634.41","2,624.75","2,629.27","1,300,000.00"
5-Dec-17,"2,639.78","2,648.72","2,627.73","2,629.57","1,400,000.00"
4-Dec-17,"2,657.19","2,665.19","2,639.03","2,639.44","1,500,000.00"
1-Dec-17,"2,645.10","2,650.62","2,605.52","2,642.22","1,600,000.00"
30-Nov-17,"2,633.93","2,657.74","2,633.93","2,647.58","1,700,000.00"
29-Nov-17,"2,627.82","2,634.89","2,620.32","2,626.07","1,800,000.00"
28-Nov-17,"2,605.94","2,627.69","2,605.44","2,627.04","1,900,000.00"
27-Nov-17,"2,602.66","2,606.41","2,598.87","2,601.42","100,000.00"
24-Nov-17,"2,600.42","2,604.21","2,600.42","2,602.42","200,000.00"
22-Nov-17,"2,600.31","2,600.94","2,595.23","2,597.08","300,000.00"
21-Nov-17,"2,589.17","2,601.19","2,589.17","2,599.03","400,000.00"
20-Nov-17,"2,579.49","2,584.64","2,578.24","2,582.14","500,000.00"
17-Nov-17,"2,582.94","2,583.96","2,577.62","2,578.85","600,000.00"
16-Nov-17,"2,572.95","2,590.09","2,572.95","2,585.64","700,000.00"
15-Nov-17,"2,569.45","2,572.84","2,557.45","2,564.62","600,000.00"
14-Nov-17,"2,577.75","2,579.66","2,566.56","2,578.87","500,000.00"
13-Nov-17,"2,576.53","2,587.66","2,574.48","2,584.84","400,000.00"
10-Nov-17,"2,580.18","2,583.81","2,575.57","2,582.30","300,000.00"
9-Nov-17,"2,584.00","2,586.50","2,566.33","2,584.62","400,000.00"
8-Nov-17,"2,588.71","2,595.47","2,585.02","2,594.38","500,000.00"
7-Nov-17,"2,592.11","2,597.02","2,584.35","2,590.64","600,000.00"
6-Nov-17,"2,587.47","2,593.38","2,585.66","2,591.13","700,000.00"
3-Nov-17,"2,581.93","2,588.42","2,576.77","2,587.84","800,000.00"
2-Nov-17,"2,579.46","2,581.11","2,566.17","2,579.85","900,000.00"
1-Nov-17,"2,583.21","2,588.40","2,574.92","2,579.36","1,000,000.00"
31-Oct-17,"2,575.99","2,578.29","2,572.15","2,575.26","1,100,000.00"
30-Oct-17,"2,577.75","2,580.03","2,568.25","2,572.83","1,000,000.00"
27-Oct-17,"2,570.26","2,582.98","2,565.94","2,581.07","900,000.00"
26-Oct-17,"2,560.08","2,567.07","2,559.80","2,560.40","800,000.00"
25-Oct-17,"2,566.52","2,567.40","2,544.00","2,557.15","700,000.00"
24-Oct-17,"2,568.66","2,572.18","2,565.58","2,569.13","600,000.00"
23-Oct-17,"2,578.08","2,578.29","2,564.33","2,564.98","500,000.00"
20-Oct-17,"2,567.56","2,575.44","2,567.56","2,575.21","600,000.00"
19-Oct-17,"2,553.39","2,562.36","2,547.92","2,562.10","700,000.00"
18-Oct-17,"2,562.87","2,564.11","2,559.67","2,561.26","800,000.00"
17-Oct-17,"2,557.17","2,559.71","2,554.69","2,559.36","900,000.00"
16-Oct-17,"2,555.57","2,559.47","2,552.64","2,557.64","1,000,000.00"
13-Oct-17,"2,555.66","2,557.65","2,552.09","2,553.17","1,100,000.00"
12-Oct-17,"2,552.88","2,555.33","2,548.31","2,550.93","1,200,000.00"
11-Oct-17,"2,550.62","2,555.24","2,547.95","2,555.24","1,300,000.00"
10-Oct-17,"2,549.99","2,555.23","2,544.86","2,550.64","1,400,000.00"
9-Oct-17,"2,551.39","2,551.82","2,541.60","2,544.73","1,500,000.00"
6-Oct-17,"2,547.44","2,549.41","2,543.79","2,549.33","1,600,000.00"
5-Oct-17,"2,540.86","2,552.51","2,540.02","2,552.07","1,700,000.00"
4-Oct-17,"2,533.48","2,540.53","2,531.80","2,537.74","1,800,000.00"
3-Oct-17,"2,530.34","2,535.13","2,528.85","2,534.58","1,900,000.00"
