,SYMBOL,exp_return,discounted_return,qtr_return,sell_date,stop_loss_price,days_delta,disc_rtn,qtr_rtn,outer_cv_avg_abs_err_n11,outer_cv_std_n11,mean_revert_flag,yhat_upper,yhat_lower,200tdSMA,200tdSDev,50tdMA-TP,50tdBOLU,200td_lower,50tdBOLD,200td_upper,20td_tot_daily_vol,20td_trend_vol,20td_trend_vol_factor,20td_tvf_rng_div_2,20td_tvf_vel,50td_tot_daily_vol,50td_trend_vol,50td_trend_vol_factor,50td_tvf_rng_div_4,50td_tvf_vel,Adj Close,Date,Index Symbol,MIN_Lookback_1_Months,MIN_Lookback_2_Months,MIN_Lookback_One_Year,Market Index,Sector,Sector Symbol,adf,beta,buy_volume_pct,currentRatio,daily_buy_vol,daily_sell_vol,debtToEquity,dividendRate,dividendYield,earningsGrowth,earningsQuarterlyGrowth,ebitda,ebitdaMargins,exDividendDate,forwardEPS,forwardPE,freeCashflow,grossMargins,grossProfits,heldPercentInstitutions,hurst,industry,lastDividendDate,lastDividendValue,lastSplitDate,lastSplitFactor,marketCap,net_daily_vol,operatingCashflow,operatingMargins,payoutRatio,pegRatio,priceToBook,priceToSalesTrailing12Months,profitMargins,quickRatio,returnOnAssets,returnOnEquity,revenueGrowth,revenuePerShare,risk_per_share,risk_trend_factor,sector_50td_tvf_vel,sell_volume_pct,sharesOutstanding,shortName,shortRatio,totalAssets,totalCash,totalCashPerShare,totalDebt,totalRevenue,trailingAnnualDividendRate,trailingAnnualDividendYield,trailingEPS,trailingPE,volume_factor,outer_cv_avg_abs_err_n11_ratio,outer_cv_std_n11_ratio
RRC,RRC,0.47688822143571635,0.0046529022557273425,1.5327664025039909,2022-10-18,32.397874799923876,84,0.0046529022557273425,1.5327664025039909,14.434365222808985,24.156570403793452,False,64.30875389850893,34.150112039217774,25.199562480449675,5.074969584263008,29.33911663373311,36.580891055909255,15.049623311923659,22.097342211556963,35.34950164897569,90950700.0,18184247.405410152,0.19993521111338508,0.11906970378691027,1.679144272259159,90950700.0,18184247.405410152,0.19993521111338508,0.059534851893455136,3.358288544518318,31.829999923706055,2022-07-25,MDYG,37.439998626708984,34.61000061035156,17.469999313354492,SP400,Energy,VDE,0.7918025889748361,2.124019,0.9783553036276789,0.246,4688180.779453474,-103719.22054652568,162.685,,,,,458860992,0.114250004,1576108800,error,8.720548,838692352,0.57877,1937478000,0.86654997,0.4584024586910765,Oil & Gas E&P,error,,1133740800,3:2,8269275136,4584461.558906948,1090109952,0.02264,0,0.28,6.470827,2.0589178,-0.017970001,0.238,0.00892,-0.04423,0.637,16.483,14.069997787475586,0.4243071897294344,1.6319304402815538,-0.021644696372321144,259795008,Range Resources Corporation,3.02,,112931000,0.453,2603130112,4016321024,0.02,0.0006729475,error,error,1.081573369586926,0.453483042959692,0.7589246139395164
CEIX,CEIX,0.26609479200421005,0.0028127244517692773,1.2948662465164984,2022-10-18,58.69312631119347,84,0.0028127244517692773,1.2948662465164984,51.51822225303176,76.40500865889932,False,103.50531606290781,57.64594644985587,36.086875014305114,12.169671848766912,52.07244326273601,58.89715827181839,11.74753131677129,45.24772825365363,60.42621871183894,16305700.0,3866253.7883898644,0.2371105679848068,0.14780406942686014,1.6042221902566722,16305700.0,3866253.7883898644,0.2371105679848068,0.07390203471343007,3.2084443805133445,60.689998626708984,2022-07-25,SLY,59.380001068115234,55.2599983215332,20.940000534057617,SP600,Energy,VDE,0.9614737579364364,1.96859,0.983945012323406,0.842,522179.6180400316,-8520.381959968397,95.981,,,,,241890000,0.16404,,error,3.1107123,252373632,0.3951,422536000,0.82543,0.5195709085029617,Thermal Coal,,,,,2112891904,513659.23608006316,375780000,0.01441,0,,3.161102,1.4329063,0.00221,0.658,0.0050700004,0.0052,0.616,42.718,20.55999755859375,2.261186842261507,1.6319304402815538,-0.016054987676593926,34814500,CONSOL Energy Inc.,2,,222906000,6.403,641545984,1474550016,0,0,error,758.625,1.7005778410013916,0.8488749945424973,1.258939040826973
VG,VG,0.1965522616980283,0.006429305041751654,1.803271870036063,2022-08-23,21.80996234396459,28,0.006429305041751654,1.803271870036063,8.887521599422724,7.307918344402818,False,31.623346784136434,20.006675776672164,19.323962523937226,1.6909354198427902,18.775841585795085,21.14738592100987,15.942091684251645,16.4042972505803,22.705833363622805,103715673.0,19766059.158270206,0.19057928841931351,0.1797415218622256,1.0602963992115033,103715673.0,19766059.158270206,0.19057928841931351,0.0898707609311128,2.1205927984230066,20.989999771118164,2022-07-20,SLY,20.920000076293945,20.920000076293945,15.71500015258789,SP600,Communication Services,VOX,0.8205238417279548,0.596424,0.5,0.752,13156998.0,-13156998.0,89.717,,,,,85939000,0.06277,,error,67.70968,146816752,0.52211,714506000,0.94828004,0.49422945699510235,Telecom Services,,,,,5385656320,0.0,152264000,-0.00556,0,13.12,9.358003,3.933657,-0.03012,0.544,-0.00342,-0.07023,0.095,5.417,5.489999771118164,0.986338658275722,1.1682935413237368,-0.5,256582000,Vonage Holdings Corp.,3.96,,15719000,0.061,516140992,1369122048,0,0,error,error,1.5715562344465466,0.42341694599024166,0.3481619068170917
ECPG,ECPG,0.17341268984261116,0.0045794920282384854,1.5224966212252242,2022-08-30,65.52005317103355,35,0.0045794920282384854,1.5224966212252242,85.47330408522242,91.26624502767864,False,98.20201519033212,64.67228700790567,60.70557510375976,4.495413713173913,60.10840003967285,66.36488663111264,51.714747677411935,53.851913448233056,69.69640253010759,7635900.0,1227998.9489923548,0.16081915019740367,0.08558183839290615,1.8791270813683985,7635900.0,1227998.9489923548,0.16081915019740367,0.04279091919645307,3.758254162736797,68.23999786376953,2022-07-25,SLY,72.66999816894531,72.66999816894531,49.7400016784668,SP600,Financial Services,VFH,0.822812765378099,1.249467,0.14934778623836395,13.365,39905.728482890845,-227294.27151710915,237.148,,,1.155,0.857,780368000,0.45976,,error,6.862173,544964608,1,1614499000,1.2235199,0.4248222316729359,Mortgage Finance,,,,,1654740480,-187388.5430342183,288464000,0.43007,0,0.38,1.3331901,0.9748999,0.25445998,13.251,0.097229995,0.3423,0.199,59.677,14.510002136230469,0.664368997636518,0.9103335326015097,-0.850652213761636,24259500,Encore Capital Group Inc,14.82,,173336992,7.145,2955751936,1697344000,0,0,error,4.5655956,1.1328737402587248,1.2525396653126586,1.337430361734146
OPCH,OPCH,0.16985655349896595,0.00203949431449435,1.2061607701323063,2022-10-11,28.818502734988584,77,0.00203949431449435,1.2061607701323063,16.908469704724826,14.723394649392665,False,49.2295806074569,28.815301358914674,26.931849989891052,2.1896742309502857,28.88914999961853,32.059003896283606,22.55250152799048,25.719296102953457,31.311198451791626,18003100.0,4582068.078839073,0.254515504487509,0.14384843324716756,1.7693310851025241,18003100.0,4582068.078839073,0.254515504487509,0.07192421662358378,3.5386621702050483,32.34000015258789,2022-07-25,MDYG,31.079999923706055,30.700000762939453,22.690000534057617,SP400,Healthcare,VHT,0.8771606897661364,1.599322,0.6,1.586,441720.0,-294480.0,94.913,,,,,281059008,0.07818,,error,28.327433,150870000,0.22670999,779606000,0.82047,0.3763632201928249,Medical Care Facilities,,,1580688000,1:4,5763464192,147240.0,222870000,0.059520002,0,3.54,4.7170644,1.6031055,0.048130002,1.106,0.04847,0.1545,0.206,19.985,7.1399993896484375,1.7577031246326884,1.43112209056733,-0.4,180052000,"Option Care Health, Inc.",3.95,,147008000,0.816,1159617024,3595186944,0,0,error,32.999996,1.0964927975791803,0.5228345585945147,0.45526884910093235
KBR,KBR,0.1517827254524308,0.0016836888878679623,1.1673884064928954,2022-10-18,49.37738380051669,84,0.0016836888878679623,1.1673884064928954,53.27412335119034,47.84288032884548,False,71.66279086949102,49.48820687419966,47.56666588783264,3.79684045132865,47.8939999961853,51.62275178783159,39.972984985175344,44.16524820453901,55.16034679048994,25305200.0,6836111.099960368,0.27014649558036957,0.14909739382856915,1.8118793940220148,25305200.0,6836111.099960368,0.27014649558036957,0.07454869691428458,3.6237587880440296,51.029998779296875,2022-07-25,MDYG,56.939998626708984,56.939998626708984,42.709999084472656,SP400,error,error,0.9240377109813385,error,0.9043471049707262,error,615679.5090640704,-65120.49093592954,error,error,error,error,error,error,error,error,error,error,error,error,error,error,0.4041355729276512,error,error,error,error,error,error,550559.0181281408,error,error,error,error,error,error,error,error,error,error,error,error,8.580001831054688,-0.40792532087021316,error,-0.09565289502927371,error,error,error,error,error,error,error,error,error,error,error,error,1.506772007628857,1.0439765750651735,0.9375442185637594
ROG,ROG,0.13703598652054416,0.0015300367503352508,1.1510284006251918,2022-10-18,277.3327927676357,84,0.0015300367503352508,1.1510284006251918,1219.6513218765401,934.1600644626166,False,376.249030765323,252.40394938373782,262.61496273040774,22.334922800543822,261.2796826171875,267.4164996369992,217.9451171293201,255.14286559737582,307.28480833149536,2854300.0,907170.0374418183,0.3178257497256134,0.26080956830381646,1.2186123070277042,2854300.0,907170.0374418183,0.3178257497256134,0.13040478415190823,2.4372246140554084,268.95001220703125,2022-07-25,SLY,274.510009765625,274.510009765625,206.1300048828125,SP600,Technology,VGT,0.7479731073406213,1.559313,0.7605694341763665,3.577,144127.90777642143,-45372.09222357856,18.536,,,-0.476,-0.468,157290000,0.16524,694915200,error,32.838833,-18924624,0.36426,350839000,0.98637,0.4793077797276896,Electronic Components,error,,959644800,2:1,5037460480,98755.81555284286,74119000,0.11935,0,0.19,4.5823183,5.2920785,0.09824,2.449,0.049390003,0.08665,0.083,50.773,16.92999267578125,3.053752780471626,1.7216037579656762,-0.2394305658236336,18730100,Rogers Corporation,9.99,,182144000,9.687,207138000,951886976,,,error,50.535515,0.9454082204364773,4.53486248938216,3.4733594425105383
NSP,NSP,0.12476836040954402,0.001400707606729501,1.1374340962989036,2022-10-18,88.69521208604466,84,0.001400707606729501,1.1374340962989036,517.5700687963896,436.69831416885637,False,145.82292367480164,93.07991738103766,104.6560956478119,9.881028473643998,97.69833337148032,105.27700702937886,84.89403870052391,90.11965971358177,124.41815259509988,2569600.0,721989.0866938134,0.2809733369761105,0.13196543086267243,2.1291434820419037,2569600.0,721989.0866938134,0.2809733369761105,0.06598271543133621,4.2582869640838075,103.83000183105469,2022-07-25,MDYG,129.32000732421875,129.32000732421875,95.77999877929688,SP400,error,error,0.3191537239403664,error,0.37254911738306573,error,29990.203949336792,-50509.79605066321,error,error,error,error,error,error,error,error,error,error,error,error,error,error,0.47756606609191243,error,error,error,error,error,error,-20519.592101326416,error,error,error,error,error,error,error,error,error,error,error,error,18.400001525878906,-2.3331524116555578,error,-0.6274508826169343,error,error,error,error,error,error,error,error,error,error,error,error,0.6268931606143089,4.984783392747555,4.205897201845599
PWR,PWR,0.09564458110021312,0.0010880063143843266,1.1052175213880586,2022-10-18,115.34114186633191,84,0.0010880063143843266,1.1052175213880586,219.00848640256456,198.12665273172473,False,168.3875029235589,128.2761837248979,117.41563507080077,9.989851944768077,123.62145862579345,136.579037687423,97.43593118126462,110.6638795641639,137.39533896033691,19963800.0,5968705.12490313,0.2989764035355559,0.2551742182408971,1.1716559987784791,19963800.0,5968705.12490313,0.2989764035355559,0.12758710912044854,2.3433119975569583,133.67999267578125,2022-07-25,SPY,140.0399932861328,140.0399932861328,101.95999908447266,SP500,Industrials,VIS,0.9902161783094197,1.102171,0.9647734025303907,1.512,756768.2569448384,-27631.74305516156,79.378,0.28,0.0021,-0.081,-0.057,1155425024,0.08113,1656547200,error,19.206896,463720384,0.14945,1953259000,0.96909,0.42478496767305196,Engineering & Construction,1656547200,0.07,955324800,3:2,19211016192,729136.5138896769,541867008,0.04433,0.057800002,1.35,3.74087,1.348884,0.03376,1.42,0.03658,0.102010004,0.467,100.524,25.600006103515625,0.7421870250256002,1.6132919069679976,-0.035226597469609336,143708992,"Quanta Services, Inc.",3.79,,238258000,1.658,4081605888,14242156544,0.26,0.0019540056,error,40.632217,0.8666058904288384,1.6383041472311677,1.4820965259344996
SCI,SCI,0.08700791605080412,0.002984046665128748,1.3153772382011697,2022-08-23,66.98154090070886,28,0.002984046665128748,1.3153772382011697,21.67645063469538,22.926365944313723,False,86.94383556270984,72.31023186675087,65.97539147377015,3.5262679397292604,68.74046402613322,72.754847267156,58.92285559431163,64.72608078511045,73.02792735322866,16540100.0,4042065.652328241,0.24437975902976652,0.16722734475533652,1.461362430811232,16540100.0,4042065.652328241,0.24437975902976652,0.08361367237766826,2.922724861622464,72.66999816894531,2022-07-25,MDYG,72.06999969482422,72.06999969482422,58.380001068115234,SP400,Consumer Cyclical,VCR,0.9328811269728764,0.702426,0.9824523831831993,0.592,768179.5184109436,-13720.481589056499,218.534,1,0.0138,0.008,-0.041,1436120064,0.34377,1655164800,error,20.942362,699347392,0.31073,1303614000,0.87344,0.36266870537479706,Personal Services,1655164800,0.25,841708800,2:1,11535344640,754459.036821887,955174976,0.2777,0.19450001,1.68,6.276559,2.7612605,0.18996,0.52,0.04795,0.42988998,0.032,25.258,9.880001068115234,1.5678129933671379,1.2132261461696012,-0.01754761681680074,158736000,Service Corporation Internation,3.88,,300556000,1.893,4026807040,4177564928,0.92,0.0127884345,error,15.363636,0.9171884895779718,0.29828610404394595,0.31548598489040613
MOH,MOH,0.08299445644130111,0.002851552581406569,1.2994869137660416,2022-08-23,306.7201381469839,28,0.002851552581406569,1.2994869137660416,1083.2003537475869,1916.4601249983646,False,392.73206056799165,283.93927653067203,302.03321186065676,20.492999102607246,285.4471494293213,318.77378021020047,261.04721365544225,252.1205186484422,343.0192100658713,7717400.0,1861215.4389050435,0.24117130625664648,0.13120822518234942,1.8380806989918013,7717400.0,1861215.4389050435,0.24117130625664648,0.06560411259117471,3.6761613979836025,307.7099914550781,2022-07-25,SPY,350.19000244140625,350.19000244140625,273.010009765625,SP500,Healthcare,VHT,0.8733669117860383,0.799489,0.8896311341553034,1.441,380495.2360782233,-47204.76392177676,85.576,,,0.129,0.132,1212000000,0.04296,,error,15.318601,1012124992,0.12116,3280000000,1.01487,0.31879242600434665,Healthcare Plans,,,1306108800,3:2,17597380608,333290.47215644654,1914000000,0.03952,0,1.01,6.427086,0.6237773,0.024419999,1.413,0.062470004,0.27793,0.194,487.447,58.589996337890625,-0.8578263086645654,1.43112209056733,-0.11036886584469666,58700000,Molina Healthcare Inc,3.02,,7792000000,132.743,2391000064,28210999296,0,0,error,24.333199,1.1982621521519752,3.5201988360060152,6.228137461302241
DLTR,DLTR,0.07785939725236209,0.00089298221802947,1.0855835805865304,2022-10-18,151.4584682251267,84,0.00089298221802947,1.0855835805865304,431.71229274538894,375.76614224470393,False,210.76929743465558,156.152756106227,143.56928798675537,19.524574168588558,157.47693364461264,179.67024795238518,104.52013964957825,135.2836193368401,182.61843632393249,38213900.0,8393272.142460246,0.2196392449464788,0.1521852274660862,1.4432363022582098,38213900.0,8393272.142460246,0.2196392449464788,0.0760926137330431,2.8864726045164195,168.4199981689453,2022-07-25,SPY,177.19000244140625,177.19000244140625,120.37000274658203,SP500,Consumer Defensive,VDC,0.7415515869162382,0.685398,0.25822813171191494,1.464,497063.3307322651,-1427836.669267735,120.278,,,0.481,0.432,2793100032,0.10444,,error,17.974386,83287504,0.3037,7746100000,1.01193,0.43279883093365645,Discount Stores,,,1340755200,2:1,37819719680,-930773.33853547,1413799936,0.07706,0,1.28,4.6081862,1.4141332,0.055710003,0.284,0.05933,0.19035,0.065,118.376,27.909988403320312,1.0931565587398018,0.42454434629860993,-0.7417718682880851,224556000,"Dollar Tree, Inc.",1.86,,1218499968,5.426,9912699904,26744100864,0,0,error,25.595745,0.7758567385814398,2.5633077867174068,2.2311254383684633
TWNK,TWNK,0.07560769990352356,0.010466653914747104,2.6062898873012306,2022-08-02,21.648764323764823,7,0.010466653914747104,2.6062898873012306,5.333220285214183,5.8052715391120016,False,26.021051357451487,20.8159288296513,20.432662522792818,1.5145582032383602,20.859806664784752,22.370135348608652,17.403546116316097,19.349477980960852,23.46177892926954,15415200.0,3626392.2420166354,0.23524782305884032,0.09625591219693888,2.443983103890024,15415200.0,3626392.2420166354,0.23524782305884032,0.04812795609846944,4.887966207780048,21.510000228881836,2022-07-25,SLY,24.270000457763672,24.270000457763672,17.229999542236328,SP600,Consumer Defensive,VDC,0.83717458031041,0.584078,0.8800010681152344,2.317,553168.6714172363,-75431.32858276367,63.103,,,0.283,0.293,258118000,0.21356001,,error,19.472727,83171504,0.35584,409983000,1.07301,0.4304587453378051,Packaged Foods,,,,,2962107648,477737.34283447266,201702000,0.17427,0,2,1.6819788,2.4507248,0.105179995,2.006,0.03788,0.074250005,0.251,9.053,2.760000228881836,-0.44927524213305137,0.42454434629860993,-0.11999893188476562,138287008,"Hostess Brands, Inc.",4.37,,238431008,1.724,1111177984,1208665984,0,0,error,23.282608,0.5554316018384382,0.24794143321547615,0.26988709797023464
BFS,BFS,0.07406809309463737,0.0009283968687399113,1.0891231120284752,2022-10-11,47.00700494015085,77,0.0009283968687399113,1.0891231120284752,80.68097883592657,74.71293223640522,False,62.46998365031522,47.24807800956869,49.10452707290649,2.9446937822581862,46.89451667149862,50.73524041134847,43.21513950839012,43.05379293164877,54.99391463742286,649400.0,180337.3775245817,0.27769845630517664,0.15145189660822744,1.8335752970035175,649400.0,180337.3775245817,0.27769845630517664,0.07572594830411372,3.667150594007035,50.310001373291016,2022-07-25,SLY,56.220001220703125,56.220001220703125,47.83000183105469,SP600,error,error,0.30732587424200936,error,0.8476196358246262,error,28564.7817272899,-5135.218272710099,error,error,error,error,error,error,error,error,error,error,error,error,error,error,0.45767377817209076,error,error,error,error,error,error,23429.563454579802,error,error,error,error,error,error,error,error,error,error,error,error,8.740001678466797,-1.0686496978140567,error,-0.15238036417537384,error,error,error,error,error,error,error,error,error,error,error,error,0.7646868822468338,1.603676736903433,1.4850512859669576
CSGS,CSGS,0.07244604478617113,0.000999671662716306,1.0962813412283086,2022-10-04,59.97464705570458,70,0.000999671662716306,1.0962813412283086,47.9804891817804,85.01373775528975,False,74.37475632078332,61.833979776146165,57.902344527244566,4.3473725043005995,59.48470746994018,63.17282497955378,49.20759951864336,55.796589960326585,66.59708953584577,2561100.0,644775.0409078636,0.25175707348712023,0.24105286718992563,1.0444060525891226,2561100.0,644775.0409078636,0.25175707348712023,0.12052643359496282,2.088812105178245,63.150001525878906,2022-07-25,SLY,65.94999694824219,65.94999694824219,49.279998779296875,SP600,error,error,0.7936605135556489,error,0.4891322375731843,error,46418.649345695194,-48481.35065430481,error,error,error,error,error,error,error,error,error,error,error,error,error,error,0.44882151206035903,error,error,error,error,error,error,-2062.7013086096194,error,error,error,error,error,error,error,error,error,error,error,error,8.90999984741211,0.9281719465188853,error,-0.5108677624268158,error,error,error,error,error,error,error,error,error,error,error,error,0.7968366649159252,0.759786033609484,1.3462190926543538
RGP,RGP,0.07090388810341781,0.0008158450862481015,1.0779134124197376,2022-10-18,18.511241003928312,84,0.0008158450862481015,1.0779134124197376,4.549591854144841,5.730024049112662,False,24.80802440099138,18.563211904697905,17.804512493610382,1.0972464025308901,18.894049943288167,21.521338725581042,15.6100196885486,16.26676116099529,19.999005298672163,6163800.0,826235.8743398569,0.13404650935135093,0.09363136868134413,1.4316410326922782,6163800.0,826235.8743398569,0.13404650935135093,0.04681568434067206,2.8632820653845563,20.09000015258789,2022-07-25,SLY,20.649999618530273,20.15999984741211,16.5,SP600,Industrials,VIS,0.6292781074159915,0.905626,0.6551721869985004,2.402,136013.74602088868,-71586.25397911131,21.897,0.56,0.030299999,28,27.146,80609000,0.10602,1652140800,error,10.020618,3886375,0.38833,241404000,0.83578,0.3729952485193982,Consulting Services,1652140800,0.14,1109721600,2:1,643557312,64427.49204177737,27248000,0.096020006,0.26540002,1.15,1.8025036,0.84644735,0.09193,2.334,0.08598,0.21033001,0.306,23.115,4.079999923706055,0.7254904527381907,1.6132919069679976,-0.34482781300149956,33104800,"Resources Connection, Inc.",3.09,,82189000,2.483,78178000,760304000,0.56,0.027764006,error,9.265967,1.8057308724504861,0.22646051864558028,0.28521772053717726
MCK,MCK,0.06795113217502328,0.0007829490006385775,1.0746587016667621,2022-10-18,330.38550515571944,84,0.0007829490006385775,1.0746587016667621,499.59034001945514,839.6983799603519,False,397.99593594748785,325.53906822749735,275.92430824279785,43.926685167177276,321.7256383260091,339.04951147603236,188.07093790844328,304.4017651759859,363.7776785771524,18332200.0,1473780.5794465065,0.08039300135534777,0.13399386126622018,0.5999752570427257,18332200.0,1473780.5794465065,0.08039300135534777,0.06699693063311009,1.1999505140854514,336.20001220703125,2022-07-25,SPY,339.94000244140625,339.94000244140625,205.36000061035156,SP500,Healthcare,VHT,0.9989377622627238,0.633461,0.3951171762538147,0.954,526691.195946335,-806308.804053665,,1.88,0.0057,-0.406,-0.447,3191000064,0.01209,1653955200,error,13.179146,2685625088,0.049569998,13084000000,0.92629,0.4613325388844221,Medical Distribution,1653955200,0.47,883958400,2:1,48545603584,-279617.60810733004,4433999872,0.009649999,0.2521,1.03,,0.18390855,0.00422,0.456,0.02481,,0.118,1733.198,42.959991455078125,2.871509675622801,1.43112209056733,-0.6048828237461853,143580992,McKesson Corporation,1.85,,3532000000,24.297,7616999936,263965999104,1.83,0.0055380706,error,46.30854,0.9741209971043768,1.4859914392620797,2.4976155546456895
MUSA,MUSA,0.0662968406322839,0.0007644795550794115,1.0728356133049146,2022-10-18,247.449919051334,84,0.0007644795550794115,1.0728356133049146,384.32185347500746,352.11940932946584,False,334.0310029625175,255.30796523766546,206.21503479003906,30.871850744936403,246.14001625061036,274.83054942874014,144.47133330016624,217.44948307248055,267.9587362799119,6330700.0,2016878.6298435412,0.31858698561668397,0.20226140768263404,1.5751249299944308,6330700.0,2016878.6298435412,0.31858698561668397,0.10113070384131702,3.1502498599888615,270.8800048828125,2022-07-25,MDYG,262.5799865722656,262.5799865722656,159.0,SP400,Consumer Cyclical,VCR,0.9985394713483902,0.828437,0.6857167769499801,1.083,196937.8583400343,-90262.14165996571,283.285,1.24,0.0046,2.025,1.756,950200000,0.05637,1652659200,error,20.93354,451787488,0.07071,1064700000,0.86544997,0.418715452013596,Specialty Retail,1652659200,0.31,,,6555729408,106675.71668006858,846800000,0.04334,0.056900002,3.66,8.28278,0.3889348,0.02931,0.733,0.111549996,0.62846,0.501,658.653,60.16999816894531,2.135284118559552,1.2132261461696012,-0.3142832230500199,24201600,Murphy USA Inc.,5.58,,356200000,14.718,2242200064,16855600128,1.08,0.004021298,error,14.26435,1.1927090433900476,1.4187900418905852,1.2999091958884117
ACC,ACC,0.061860742014870754,0.0007148123349354218,1.067948204819214,2022-10-18,62.34353704133415,84,0.0007148123349354218,1.067948204819214,40.4774762623071,51.65124467141496,False,79.71930783783502,61.006999677282,57.316532888412475,5.632792365119637,64.74565020243327,65.31141386159541,46.0509481581732,64.17988654327112,68.58211761865175,27576500.0,4100895.9580701897,0.14870980574294018,0.23467392019542016,0.6336869713477534,27576500.0,4100895.9580701897,0.14870980574294018,0.11733696009771008,1.2673739426955068,65.19999694824219,2022-07-25,MDYG,65.22000122070312,65.0199966430664,51.689998626708984,SP400,Real Estate,VNQ,0.9792728370533903,0.7765,0.22219396405561206,2.21,305005.6544591387,-1067694.3455408614,122.303,1.88,0.028800001,1.498,1.509,465607008,0.47345,1643846400,error,78.548195,341602880,0.5349,498042000,1.0191101,0.4332476838173216,REIT—Residential,1643846400,0.47,,,18065729536,-762688.6910817227,358395008,0.19073,4.7,1.97,2.935125,18.370066,0.06005,1.913,0.015620001,0.01872,0.176,7.081,1.4799995422363281,9.236485528632148,0.016289995573135995,-0.7778060359443879,139483008,American Campus Communities Inc,4.68,,89122000,0.639,4009402880,983433024,1.88,0.028812261,error,162.9875,1.090486502641058,0.6208202171303688,0.7921970412424612
POR,POR,0.058916953623763944,0.0020466144595894242,1.2069495166392745,2022-08-23,47.17769594032161,28,0.0020466144595894242,1.2069495166392745,49.34435388323494,46.73077234405915,False,58.397850726872086,48.57471803693724,50.54979981899262,2.5996182495598497,48.34983329772949,51.05144915835975,45.35056331987292,45.64821743709923,55.74903631811232,37448700.0,9239842.233342994,0.24673332407648313,0.09712581822601973,2.540347443995936,37448700.0,9239842.233342994,0.24673332407648313,0.04856290911300987,5.080694887991872,50.5099983215332,2022-07-25,MDYG,57.029998779296875,57.029998779296875,51.599998474121094,SP400,Utilities,VPU,0.3238076273836079,0.536751,0.85333251953125,0.941,904447.1374511719,-155452.86254882812,133.149,1.81,0.0397,-0.374,-0.375,748000000,0.30999002,1656028800,error,17.21127,-19625000,0.51305,1264000000,0.96518,0.41900643112559355,Utilities—Regulated Electric,1656028800,0.453,,,4371230720,748994.2749023438,613000000,0.14422,0.7414,5.89,1.6099072,1.8115337,0.0862,0.444,0.02315,0.077259995,0.028,26.979,5.880001068115234,-2.4030609696206127,1.3162089860969066,-0.14666748046875,89224496,Portland General Electric Co,1.84,,110000000,1.233,3607000064,2412999936,1.72,0.034754496,error,21.07805,2.5743241998864494,0.9769225009496519,0.9251786556511741
CSL,CSL,0.05297453564969695,0.0008196857619338083,1.0782940406539363,2022-09-27,250.92297240467127,63,0.0008196857619338083,1.0782940406539363,360.93924889899097,286.01177821341065,False,315.035789552587,252.43348762095152,239.54266674041747,13.423933812692626,250.0465987141927,269.89893319117976,212.69479911503223,230.19426423720563,266.39053436580275,6307600.0,2376841.0067855367,0.3768217716382676,0.18995326131748944,1.9837604736274814,6307600.0,2376841.0067855367,0.3768217716382676,0.09497663065874472,3.967520947254963,267.3500061035156,2022-07-25,MDYG,275.1300048828125,275.1300048828125,202.35000610351562,SP400,Industrials,VIS,0.9855580432648082,0.979991,0.7172321566341489,1.875,284525.9965367669,-112174.00346323315,109.341,2.16,0.0081,2.778,2.709,1004600000,0.18722999,1652659200,error,13.873898,163500000,0.29288,1324400000,0.93411005,0.43820406405784823,Building Products & Equipment,1652659200,0.54,1174348800,2:1,13821594624,172351.99307353373,402400000,0.14606,0.2141,0.99,5.1347303,2.5759163,0.104940005,1.151,0.07492,0.2091,0.59,102.644,43.02998352050781,1.1489663345523584,1.6132919069679976,-0.28276784336585115,51698500,Carlisle Companies Incorporated,2.09,,291700000,5.659,2928800000,5365700096,2.145,0.00806391,error,26.681637,1.0693440741372056,1.350062617014635,1.0698027742055458
CBT,CBT,0.04272376018805852,0.0005978399169390691,1.05652459545431,2022-10-04,65.61034038078247,70,0.0005978399169390691,1.05652459545431,87.451914425143,66.23895132220473,False,88.60872327703392,61.96883018348879,63.33971745491028,7.285867615169199,68.16978323618571,77.80506102813177,48.76798222457188,58.53450544423964,77.91145268524868,6080100.0,1761224.0170266824,0.28967023848730816,0.16927140520437722,1.7112768582358147,6080100.0,1761224.0170266824,0.28967023848730816,0.08463570260218861,3.4225537164716293,71.27999877929688,2022-07-25,MDYG,78.62000274658203,74.87000274658203,65.25,SP400,Basic Materials,VAW,0.5530673193691521,1.383993,0.916298641499795,1.264,273973.2938084387,-25026.7061915613,125.422,1.48,0.0212,0.415,0.427,627000000,0.16156,1661385600,error,9.804677,-53000000,0.21360001,806000000,0.97353995,0.4452487585620749,Specialty Chemicals,1653523200,0.37,827712000,2:1,4022594048,248946.5876168774,132000000,0.12136,0.6316,0.78,4.3818774,1.0364839,0.03427,0.715,0.0896,0.16393,0.297,68.508,18.970001220703125,-0.258303049022778,1.0867087490436833,-0.08370135850020502,56433700,Cabot Corporation,4.01,,215000000,3.81,1336999936,3880999936,1.44,0.020662935,error,31.263157,0.9450788563069893,1.2268787306789801,0.9292782331169693
MEDP,MEDP,0.02664492506740908,0.0012529810499819494,1.1221001895775435,2022-08-16,133.54099469285458,21,0.0012529810499819494,1.1221001895775435,1028.6495681196216,1530.0089207676801,False,198.5505858586482,149.18704562671326,171.23599973678589,30.08783135092616,145.3274895985921,162.52911174752958,111.06033703493357,128.12586744965463,231.4116624386382,5474600.0,1456233.175284289,0.2659980958032165,0.06622398431339482,4.016642890956566,5474600.0,1456233.175284289,0.2659980958032165,0.03311199215669741,8.033285781913133,167.02999877929688,2022-07-25,MDYG,231.0,231.0,196.1199951171875,SP400,Healthcare,VHT,0.7818129191820526,1.430395,0.9850569047798612,0.614,547297.6162956909,-8302.383704309119,26.459,,,0.482,0.416,236356000,0.19479,,error,26.810595,197691008,0.61665,701287000,0.88716006,0.42774662993137436,Diagnostics & Research,,,,,5355933696,538995.2325913818,252264000,0.17737,0,1.87,9.267602,4.414138,0.16471,0.531,0.09623,0.27302998,0.273,34.032,36.58000183105469,-4.292782693247047,1.43112209056733,-0.014943095220138803,32065700,"Medpace Holdings, Inc.",6.5,,82843000,2.462,160084000,1213358976,0,0,error,30.095493,1.1117560988624708,6.158471984896651,9.160084607252733
CACI,CACI,0.025102538734665555,0.0003220342493908124,1.0300654887069465,2022-10-11,264.7618532151457,77,0.0003220342493908124,1.0300654887069465,1459.2885218859612,1919.2449575445291,False,331.5863127862829,267.4780314690748,276.8842626953125,14.788504698907587,276.5247008260091,295.41409579384026,247.3072532974973,257.63530585817796,306.46127209312766,2571600.0,396113.8475079854,0.15403400509721007,0.08347446129843751,1.845283008733754,2571600.0,396113.8475079854,0.15403400509721007,0.041737230649218755,3.690566017467508,291.2300109863281,2022-07-25,MDYG,313.5199890136719,313.5199890136719,270.5,SP400,Technology,VGT,0.4772809200028411,0.943137,0.8760924792688578,1.287,127734.28347739947,-18065.71652260054,73.872,,,-0.155,-0.207,619780992,0.10119,,error,16.333708,498206496,0.34465,2113428000,0.89862996,0.30469412252035233,Information Technology Services,error,,1007683200,2:1,6793551360,109668.56695479892,684712000,0.07977,0,6.12,2.4636872,1.1092135,0.06707,1.059,0.04867,0.14992,0.021,260.311,38.800018310546875,-0.6146890158007046,1.7216037579656762,-0.12390752073114225,23327100,"CACI International, Inc.",2.37,,125074000,5.342,2187264000,6124656128,,,error,15.836326,0.7656639189572435,5.010776591820641,6.590134550503549
SUPN,SUPN,0.025066792839787442,0,1,2022-07-26,27.54395828269412,0,0,1,25.574871675781882,17.222300620305738,False,37.116534167991,26.59977534221256,29.93645010471344,1.800968787715063,28.267166713078815,30.49702357426248,26.334512529283316,26.03730985189515,33.538387680143565,6083300.0,2193681.724126347,0.36060719085469184,0.15307333236104412,2.3557806267923342,6083300.0,2193681.724126347,0.36060719085469184,0.07653666618052206,4.7115612535846685,30.549999237060547,2022-07-25,SLY,34.5,34.5,34.290000915527344,SP600,error,error,0.35984508103987256,error,0.5147048511282836,error,216330.4489292176,-203969.55107078244,error,error,error,error,error,error,error,error,error,error,error,error,error,error,0.3991934074290267,error,error,error,error,error,error,12360.897858435143,error,error,error,error,error,error,error,error,error,error,error,error,5.079999923706055,-2.2913392478663415,error,-0.4852951488717165,error,error,error,error,error,error,error,error,error,error,error,error,0.6614517509395128,0.8371480299337198,0.5637414419118274
CCRN,CCRN,0.022901809853954357,0.0002696018100303288,1.0251101022054017,2022-10-18,18.67807775380785,84,0.0002696018100303288,1.0251101022054017,42.368273715637486,52.265030311117,False,33.76825941239812,21.391851815077,21.841162433624266,3.3703525782443857,20.222200009028118,27.608474544844913,15.100457277135494,12.835925473211322,28.58186759011304,14976400.0,3918356.552817274,0.2616354098993933,0.09489060903912662,2.75723185411859,14976400.0,3918356.552817274,0.2616354098993933,0.04744530451956331,5.51446370823718,26.049999237060547,2022-07-25,SLY,30.399999618530273,30.399999618530273,18.899999618530273,SP600,Healthcare,VHT,0.9185716503579713,1.063725,0.6136362404862872,2.544,568104.4314422046,-357695.56855779537,65.703,,,15.165,15.82,154924000,0.0924,,error,17.60135,-124756248,0.22365999,374999000,0.96088,0.4190739055621631,Medical Care Facilities,error,,,,989996352,210408.86288440926,-85618000,0.08652,0,0.08,4.4416027,0.59046024,0.07873,2.479,0.1664,0.58352,1.972,45.699,13.680000305175781,-0.11330417469528434,1.43112209056733,-0.3863637595137129,38003700,"Cross Country Healthcare, Inc.",5.23,,1036000,0.027,195484992,1676652032,,,error,16.311834,2.167470932469625,1.626421303512417,2.006335195463696
ASH,ASH,0.02004766400401288,0.000315118776320622,1.0294105538248015,2022-09-27,99.20369681569346,63,0.000315118776320622,1.0294105538248015,109.56819424253405,74.56110443146518,False,121.66933434209001,95.24018563321582,99.85462213516236,5.273222349541273,101.89118316650391,109.39031729512081,89.30817743607982,94.392049037887,110.4010668342449,9031900.0,1304367.4210758158,0.14441783246889534,0.0946351265402541,1.52604891807764,9031900.0,1304367.4210758158,0.14441783246889534,0.04731756327012705,3.05209783615528,105.01000213623047,2022-07-25,MDYG,112.91000366210938,111.05000305175781,95.95999908447266,SP400,error,error,0.4738391866134566,error,0.5983266403202431,error,220603.03228607363,-148096.96771392637,error,error,error,error,error,error,error,error,error,error,error,error,error,error,0.37087509969488264,error,error,error,error,error,error,72506.06457214727,error,error,error,error,error,error,error,error,error,error,error,error,19.14000701904297,-0.25548576783609483,error,-0.40167335967975687,error,error,error,error,error,error,error,error,error,error,error,error,1.037409306922005,1.0434072184894367,0.7100381193663472
LRN,LRN,0.015208966621048656,0.001078757851709522,1.1042785543732858,2022-08-09,35.401096800096,14,0.001078757851709522,1.1042785543732858,64.66342735818928,85.08624660566646,False,56.57964126444951,33.65305172769225,35.42532500743866,3.1146818583773386,38.71094990412394,44.20429436267046,29.195961290683982,33.217605445577426,41.654688724193335,28439000.0,6370176.422702521,0.2239943887866142,0.1732429095648372,1.292949820279848,28439000.0,6370176.422702521,0.2239943887866142,0.0866214547824186,2.585899640559696,43.0099983215332,2022-07-25,SLY,41.84000015258789,41.20000076293945,35.86000061035156,SP600,Consumer Defensive,VDC,0.3321537845298631,0.45196,0.6066665649414062,3.484,277246.62017822266,-179753.37982177734,73.762,,,0.789,0.804,187922000,0.11536,,error,18.781658,127596624,0.34427,530200000,0.94404,0.494958132398076,Education & Training Services,error,,,,1839395712,97493.24035644531,204431008,0.08332,0,0.74,2.4156134,1.1291807,0.054959998,3.167,0.054569997,0.114250004,0.075,39.653,10.920001983642578,0.9276549082953232,0.42454434629860993,-0.39333343505859375,42766700,"Stride, Inc.",6.36,,369764000,8.917,575761024,1628964992,,,error,33.733334,1.7199653630457215,1.5034510551425706,1.9782899308570199
BCOR,BCOR,0.013564327662712407,0,1,2022-07-26,16.203052176496826,0,0,1,29.304551950027484,27.681399952737205,False,24.78225023394165,15.465200970015475,17.86481245994568,1.3443678994367192,17.655466629664105,19.486761908137257,15.17607666107224,15.824171351190952,20.553548258819117,5056800.0,963072.4991735986,0.19045097673896508,0.10931046181652322,1.742294137029954,5056800.0,963072.4991735986,0.19045097673896508,0.05465523090826161,3.484588274059908,19.34000015258789,2022-07-25,SLY,21.399999618530273,21.399999618530273,18.829999923706055,SP600,Financial Services,VFH,0.511165278213686,1.563235,0.41666865349005394,1.793,71833.6758616853,-100566.3241383147,173.615,,,,,97943000,0.110649996,1199836800,error,11.650602,41293752,0.45791999,405349000,0.98116994,0.5180579146422433,Asset Management,error,,1031875200,1:10,942219648,-28732.648276629392,36831000,0.07164,0,0.58,2.62344,1.0644144,0.00876,1.627,0.03711,0.02372,0.149,18.222,3.5699996948242188,-1.0112042049294014,0.9103335326015097,-0.583331346509946,48718700,"Blucora, Inc.",3.3,,134824000,2.783,593108992,885200000,,,error,error,0.8454122028506134,1.5152301819452796,1.4313029852294572
LLY,LLY,0.012771752629051942,0.00016483022774549383,1.015278674853294,2022-10-11,299.31607018844375,77,0.00016483022774549383,1.015278674853294,709.7981853630489,597.7707774759922,False,372.3972112016942,299.36604259545817,274.64115669250486,29.15841489052421,311.6845993550619,339.40300574755304,216.32432691145644,283.96619296257074,332.95798647355326,44713300.0,5400388.308507398,0.1207781198996137,0.11620806531566957,1.0393264836784775,44713300.0,5400388.308507398,0.1207781198996137,0.05810403265783479,2.078652967356955,331.54998779296875,2022-07-25,SPY,325.82000732421875,314.0,245.27999877929688,SP500,Healthcare,VHT,0.9953930781197432,0.36739,0.828977985255848,1.267,1443830.9569201104,-297869.0430798895,174.931,3.92,0.0119,0.409,0.404,10721399808,0.36563,1660262400,error,35.45989,4736287744,0.7556,21345300000,0.84050006,0.4102513323512075,Drug Manufacturers—General,1652400000,0.98,876960000,2:1,315025522688,1145961.9138402208,8062499840,0.30993998,0.5245,3.7,31.984371,10.743364,0.20903,0.772,0.12117,0.74018997,0.148,32.376,52.220001220703125,2.097854360676623,1.43112209056733,-0.171022014744152,950160000,Eli Lilly and Company,1.46,,2571599872,2.857,16551999488,29322799104,3.53,0.010737643,error,49.264484,0.7202741060278779,2.1408481722106756,1.802958224957803
AIN,AIN,0.012137285191721373,0.00019151387562743594,1.0177736947213771,2022-09-27,72.17560396001751,63,0.00019151387562743594,1.0177736947213771,347.869409203971,367.509315516096,False,96.81220645078793,73.20319022038126,83.34690660476684,3.3963532687032387,80.95761164347331,86.53961628965597,76.55420006736037,75.37560699729066,90.13961314217332,1892200.0,591592.5464664878,0.3126480004579261,0.1487314767722419,2.102097062726646,1892200.0,591592.5464664878,0.3126480004579261,0.07436573838612096,4.204194125453292,82.20999908447266,2022-07-25,SLY,91.52999877929688,91.52999877929688,91.52999877929688,SP600,error,error,0.18711808389965412,error,1.0,error,90500.0,0.0,error,error,error,error,error,error,error,error,error,error,error,error,error,error,0.4550882534191379,error,error,error,error,error,error,90500.0,error,error,error,error,error,error,error,error,error,error,error,error,12.849998474121094,-2.1758756735093736,error,0.0,error,error,error,error,error,error,error,error,error,error,error,error,0.6396606268482437,4.23147321588615,4.470372456013188
MLI,MLI,0.007465341377965618,8.854693944870817e-05,1.0081792263723852,2022-10-18,54.986574087587215,84,8.854693944870817e-05,1.0081792263723852,39.0302394365464,30.218389396149277,False,74.59689980127744,52.630383734459734,54.9557669878006,3.7947045788555966,54.46835544586182,60.45193686575302,47.366357830089406,48.484774025970616,62.545176145511796,6160000.0,1549841.216938631,0.25159760015237514,0.2069158626678266,1.2159415760031824,6160000.0,1549841.216938631,0.25159760015237514,0.1034579313339133,2.431883152006365,62.68000030517578,2022-07-25,SLY,63.06999969482422,63.06999969482422,48.060001373291016,SP600,Industrials,VIS,0.9453803641448799,1.053639,0.4141413557591346,3.19,137702.00078991224,-194797.99921008776,1.544,1,0.0162,0.901,0.898,875238976,0.21354,1654128000,error,8.726896,436627360,0.2592,830356000,0.95298,0.4383000638660347,Metal Fabrication,1654128000,0.25,1396224000,2:1,3586377728,-57095.998420175514,506955008,0.20263,0.0652,0.48,2.376338,0.8750146,0.16138001,1.944,0.2706,0.52845,0.136,73.168,13.790000915527344,1.0036257602422816,1.6132919069679976,-0.5858586442408654,56683700,"Mueller Industries, Inc.",8.42,,202500992,3.572,23867000,4098649088,0.76,0.0121250795,error,5.4309015,1.2158808622306416,0.6226904793636941,0.48210576338580524
FCN,FCN,0.007101636169276247,0.0005055947917687043,1.0476011862536305,2022-08-09,171.59833132431785,14,0.0005055947917687043,1.0476011862536305,282.43781182030597,328.5870587297116,False,202.315197843703,170.0619957282862,156.2990873146057,12.59522250376388,173.30561640421547,192.23382362633058,131.10864230707796,154.37740918210037,181.48953232213347,5293400.0,739467.3528951324,0.13969610324085321,0.10642970076676632,1.3125669078689606,5293400.0,739467.3528951324,0.13969610324085321,0.05321485038338316,2.625133815737921,183.63999938964844,2022-07-25,MDYG,178.13999938964844,170.64999389648438,147.3800048828125,SP400,Industrials,VIS,0.9676727600051018,0.428312,0.22373028640000828,2.395,48527.099120161794,-168372.9008798382,36.191,,,-0.098,-0.08,347764992,0.1236,,error,21.6913,171587632,0.31042,860715000,1.0715699,0.40070006656948753,Consulting Services,,,1054771200,3:2,6273213440,-119845.80175967643,318288992,0.1075,0,3.34,3.7798042,2.2296317,0.08167,2.147,0.06601,0.15126,0.054,83.929,29.989990234375,1.8256091306506892,1.6132919069679976,-0.7762697135999918,34470100,"FTI Consulting, Inc.",7.12,,271143008,8.049,587020992,2813564928,0,0,error,27.700151,0.9254296193478956,1.5379972378513667,1.7893000425931915
WTRG,WTRG,0.00518262852675336,0.0002461848189427851,1.0229045881249228,2022-08-16,45.492606673487444,21,0.0002461848189427851,1.0229045881249228,18.672409359954077,21.532170180266366,False,54.26513399560117,45.255402443406865,47.557246966362,2.493683741302693,45.71731658299764,49.259095777140345,42.569879483756615,42.175537388854934,52.54461444896739,18065200.0,4742856.411607013,0.2625410408745551,0.13256489182334588,1.9804718825887446,18065200.0,4742856.411607013,0.2625410408745551,0.06628244591167294,3.9609437651774893,49.369998931884766,2022-07-25,MDYG,53.93000030517578,53.93000030517578,49.79999923706055,SP400,Utilities,VPU,0.4541313374482203,0.661132,0.8571416594355086,0.654,780256.0525841435,-130043.94741585657,116.599,1.07,0.0217,0.056,0.085,914580992,0.4587,1652313600,error,25.848167,-396858112,0.49885,991997000,0.72149,0.3027659219248471,Utilities—Regulated Water,1652313600,0.268,1378166400,5:4,12938297344,650212.105168287,699801984,0.30656,0.6171,3.98,2.3771005,6.48909,0.22434,0.509,0.026619999,0.088879995,0.198,7.688,8.529998779296875,-1.1195784781278733,1.3162089860969066,-0.14285834056449145,262068000,"Essential Utilities, Inc.",2.73,,58298000,0.23,6127394816,1993853952,1.055,0.021672143,error,28.871344,0.9290727077078678,0.3782136877441742,0.4361387613148232
HUBB,HUBB,-0.001557830928132604,-4.45431681638242e-05,0.9959103228582045,2022-08-30,176.17292044631134,35,-4.45431681638242e-05,0.9959103228582045,543.6960140883015,457.217046486467,False,219.3173968538575,172.38643590617957,191.14779676437377,9.750880360469532,186.44779253641767,201.06107211744109,171.6460360434347,171.83451295539425,210.64955748531284,4766545.0,1422996.6314244834,0.2985383818729254,0.15575650375585748,1.9166993009863218,4766545.0,1422996.6314244834,0.2985383818729254,0.07787825187792874,3.8333986019726436,195.52999877929688,2022-07-25,MDYG,212.5399932861328,212.5399932861328,201.05999755859375,SP400,Industrials,VIS,0.8436602209432504,1.263235,0.8614018092262351,2.003,222275.2614509285,-35763.73854907151,70.199,4.2,0.0216,1.346,1.319,705400000,0.16054001,1653609600,error,21.276388,390987488,0.27661,1153900000,0.9163,0.41672078489361286,Electrical Equipment & Parts,error,,839808000,2:1,10638963712,186511.52290185698,448400000,0.12984,0.56310004,2.12,4.905419,2.421303,0.114250004,1.195,0.06816,0.18517,0.209,80.956,33.97999572753906,-1.1639197400167856,1.6132919069679976,-0.13859819077376487,54410900,Hubbell Inc,2.68,,371400000,6.921,1561500032,4393900032,3.92,0.020238526,error,29.531794,0.8935334121959387,2.780627103168934,2.3383473090620104
DGII,DGII,-0.003468407446198137,-4.512153154789811e-05,0.9958573300703442,2022-10-11,21.383316380965553,77,-4.512153154789811e-05,0.9958573300703442,25.167457255443253,28.876666605363074,False,32.919088124225794,20.76907893468272,22.253600039482116,1.941153598125212,23.621849956512452,26.379314858005635,18.371292843231693,20.86438505501927,26.13590723573254,3406000.0,1312776.0123234636,0.38543042052949605,0.19593760948299013,1.9671079051464915,3406000.0,1312776.0123234636,0.38543042052949605,0.09796880474149507,3.934215810292983,26.270000457763672,2022-07-25,SLY,26.030000686645508,25.6299991607666,25.610000610351562,SP600,Technology,VGT,0.8936811278949062,1.386973,0.6603772226880625,1.865,77594.32366584735,-39905.67633415265,61.653,,,-0.111,-0.028,57101000,0.16936001,,error,15.000001,43410876,0.56356996,171155000,0.90342003,0.4361196951002316,Communication Equipment,,,702086400,3:2,942026880,37688.647331694694,32422000,0.08788,0,0.93,1.9601402,2.7940469,0.03494,1.209,0.02507,0.02507,0.225,9.79,5.409999847412109,0.2846582179228726,1.7216037579656762,-0.33962277731193746,35084800,Digi International Inc.,4.81,,41386000,1.18,296246016,337155008,0,0,error,76.71429,1.0826763521964247,0.9580303318192528,1.0992259650619474
LNTH,LNTH,-0.012540148826162894,-0.00020028851215725396,0.9817403758013866,2022-09-27,56.048536254868,63,-0.00020028851215725396,0.9817403758013866,72.0784070124028,103.60203665782524,False,91.38511917453981,52.74570659782513,44.777612509727476,17.830637659844584,65.91500486373901,72.92883488752926,9.116337190038308,58.901174839948766,80.43888782941664,23370100.0,5618024.346297656,0.2403936802280545,0.1292360238243311,1.8601135590090467,23370100.0,5618024.346297656,0.2403936802280545,0.06461801191216555,3.7202271180180935,70.47000122070312,2022-07-25,SLY,73.77999877929688,69.73899841308594,28.736000061035156,SP600,Healthcare,VHT,0.9974566531638817,0.75266,0.7469462426868271,1.828,666724.2162222619,-225875.78377773816,36.846,,,3.692,3.769,108329000,0.20002002,,error,19.466852,77142872,0.50913,187695000,1.03689,0.5363797599677332,Diagnostics & Research,,,,,4836644864,440848.4324445237,54362000,0.11517999,0,0.62,9.367274,8.930635,-0.06892,1.563,0.04389,-0.07151,1.258,7.998,15.904998779296875,2.4618050558833406,1.43112209056733,-0.2530537573131729,68634096,"Lantheus Holdings, Inc.",1.85,,105355000,1.535,190072992,541579008,0,0,error,error,1.7971963082397846,1.0228239784850062,1.4701580085596533
GCP,GCP,-0.015763804670362536,-0.00018914133468606042,0.9827479028698234,2022-10-18,28.482166617640743,84,-0.00018914133468606042,0.9827479028698234,15.47245399244941,18.503791968755298,False,36.2844105421276,26.13186699203337,29.777824962139128,3.4962499955460666,31.24772833506266,31.8667714320917,22.785324971046997,30.628685238033622,36.77032495323126,10223500.0,2352630.4036617796,0.23011986146249128,0.19698460534086398,1.1682124146924564,10223500.0,2352630.4036617796,0.23011986146249128,0.09849230267043199,2.336424829384913,31.549999237060547,2022-07-25,SLY,32.279998779296875,32.279998779296875,27.780000686645508,SP600,error,error,0.1967194971071427,error,0.30768666461258565,error,77260.12148422026,-173839.87851577974,error,error,error,error,error,error,error,error,error,error,error,error,error,error,0.4574236997848992,error,error,error,error,error,error,-96579.75703155948,error,error,error,error,error,error,error,error,error,error,error,error,1.1700000762939453,1.9743583891545229,error,-0.6923133353874144,error,error,error,error,error,error,error,error,error,error,error,error,1.6615065903434598,0.49041059799058645,0.5864910433030889
SANM,SANM,-0.02330789385591152,0,1,2022-07-26,38.99024892666971,0,0,1,44.55004620244852,37.650497744965236,False,48.89738640900324,37.152334525778635,40.290687494277954,1.8662397310620795,42.08215000788371,45.20087469360248,36.55820803215379,38.963425322164944,44.023166956402115,6126800.0,958177.2546771757,0.15639114295834297,0.09753103542974587,1.6035013087807888,6126800.0,958177.2546771757,0.15639114295834297,0.04876551771487293,3.2070026175615776,43.40999984741211,2022-07-25,SLY,45.66999816894531,44.2599983215332,43.36000061035156,SP600,error,error,0.15622031283871335,error,0.8474574079462063,error,184067.749005916,-33132.25099408399,error,error,error,error,error,error,error,error,error,error,error,error,error,error,0.38037263437179253,error,error,error,error,error,error,150935.498011832,error,error,error,error,error,error,error,error,error,error,error,error,7.30999755859375,-0.418604456987317,error,-0.1525425920537937,error,error,error,error,error,error,error,error,error,error,error,error,0.8929515785929619,1.026262298065969,0.867323148521268
CNC,CNC,-0.03107767432891671,0,1,2022-07-26,84.35014620190458,0,0,1,102.721523500797,123.08675741960363,False,99.87705062498743,79.06135002515303,80.48952496528625,6.161033044902877,83.89050034840902,91.51570749556988,68.16745887548049,76.26529320124816,92.81159105509201,55811100.0,11339967.44243502,0.20318480450009085,0.10569129355159981,1.9224365382650321,55811100.0,11339967.44243502,0.20318480450009085,0.05284564677579991,3.8448730765300643,91.93000030517578,2022-07-25,SPY,89.91999816894531,89.91999816894531,75.58999633789062,SP500,Healthcare,VHT,0.6177958827495964,0.47765,0.552794442390985,1.048,1892878.7296352107,-1531321.270364789,82.643,,,0.21,0.215,5330999808,0.04291,,error,14.615262,4853875200,0.17058,19574000000,0.96181,0.3898342370724292,Healthcare Plans,,,1549497600,2:1,53768658944,361557.45927042165,5312999936,0.03079,0,1.39,1.9789469,0.43277013,0.01205,0.979,0.03122,0.05526,0.215,213.047,17.790000915527344,1.1444635858323995,1.43112209056733,-0.447205557609015,584886976,Centene Corporation,2.9,,12904999936,22.064,22669000704,124243001344,0,0,error,36.192913,0.8065816976535432,1.1173884821037432,1.3389182748939215
HXL,HXL,-0.037630635859605514,0,1,2022-07-26,48.79921285584277,0,0,1,242.8202471059736,354.50925802340555,False,69.34701861068693,44.85841988464067,55.23963119029999,3.4288784728723947,53.97665021260579,59.59981273663798,48.3818742445552,48.3534876885736,62.09738813604478,9890100.0,2773251.6906312243,0.2804068402373307,0.13187247523783854,2.1263485024574162,9890100.0,2773251.6906312243,0.2804068402373307,0.06593623761891927,4.2526970049148325,57.380001068115234,2022-07-25,MDYG,64.16000366210938,64.16000366210938,64.16000366210938,SP400,Industrials,VIS,0.18391197969640505,1.229885,0.7777780917449858,2.77,484633.52896630066,-138466.47103369934,57.71,0.4,0.0069999998,,,235500000,0.16761999,1651708800,error,29.126904,95887504,0.20191999,250100000,0.99676,0.5047779822551216,Aerospace & Defense,1651708800,0.1,580348800,3:2,4822863360,346167.0579326013,133900000,0.07103,0.1754,0.41,3.2410755,3.4326432,0.034089997,1.446,0.021710001,0.03221,0.259,16.691,12.450000762939453,-1.6337354647021027,1.6132919069679976,-0.2222219082550142,84051296,Hexcel Corporation,7.54,,112800000,1.342,858200000,1404999936,0.1,0.0017510068,error,102.46429,0.6835621415703834,4.231792307179013,6.178272070831283
MTOR,MTOR,-0.04514518964999187,-0.0005498009600598541,0.9506630425054317,2022-10-18,28.88502036361328,84,-0.0005498009600598541,0.9506630425054317,38.05322488493595,27.060238849985165,False,45.21900725951514,26.432743824168888,30.96869993686676,5.3996054654159344,36.17308317184448,36.43076254469806,20.16948900603489,35.9154037989909,41.76791086769863,22653300.0,-2058470.156353527,-0.09086844549595542,0.17804404941551577,-0.5103705841012883,22653300.0,-2058470.156353527,-0.09086844549595542,0.08902202470775789,-1.0207411682025767,36.369998931884766,2022-07-25,SLY,36.29999923706055,36.279998779296875,32.93000030517578,SP600,error,error,0.3573728231442215,error,1.0,error,1260100.0,0.0,error,error,error,error,error,error,error,error,error,error,error,error,error,error,0.43863834173460486,error,error,error,error,error,error,1260100.0,error,error,error,error,error,error,error,error,error,error,error,error,0.5600013732910156,6.428552939012677,error,0.0,error,error,error,error,error,error,error,error,error,error,error,error,1.511044019643864,1.046280615960523,0.7440263856115228
GEF,GEF,-0.048481772201649884,-0.0007885212634440864,0.9299982519066384,2022-09-27,56.185171595708766,63,-0.0007885212634440864,0.9299982519066384,111.42159830327779,107.85349701602892,False,75.0561403209435,56.5279205569835,61.785850830078125,3.3909059755038804,61.832466767628986,66.89247160190786,55.004038879070364,56.77246193335012,68.56766278108589,4384900.0,545181.1315703125,0.12433148568275504,0.06806013108078776,1.8267888073147092,4384900.0,545181.1315703125,0.12433148568275504,0.03403006554039388,3.6535776146294183,68.7699966430664,2022-07-25,MDYG,72.0,72.0,66.02999877929688,SP400,Consumer Cyclical,VCR,0.8152679794092315,1.022058,0.3783770408647204,1.331,87745.63577652867,-144154.36422347132,164.178,1.84,0.031,-0.56,-0.56,824099968,0.13795,1647388800,error,11.038523,384824992,0.19593,1093000000,0.88001996,0.40327522396057214,Packaging & Containers,error,,1176336000,2:1,3326769152,-56408.72844694265,406900000,0.0987,0.28530002,0.93,2.205227,0.556884,0.06321,0.731,0.06503,0.28053,0.364,123.014,12.819999694824219,-0.2901723041069591,1.2132261461696012,-0.6216229591352795,26550900,Greif Inc.,7.33,,119700000,2.462,2588100096,5973899776,1.8,0.026311941,error,8.566268,1.3013383889801278,1.620206539802291,1.5683219758729336
CALM,CALM,-0.04993590552816179,-0.0009143286893840141,0.9192871752774543,2022-09-20,46.34642495538068,56,-0.0009143286893840141,0.9192871752774543,34.17098898602126,53.59360067584758,False,60.054813695174566,48.45549218722638,44.380000028610226,7.016917412149746,48.91764992396037,54.85633451464811,30.346165204310736,42.978965333272626,58.413834852909716,13819300.0,3090085.5749353897,0.22360651950065413,0.1083029030329957,2.064640127259838,13819300.0,3090085.5749353897,0.22360651950065413,0.05415145151649785,4.129280254519676,56.849998474121094,2022-07-25,SLY,59.95000076293945,59.95000076293945,43.2400016784668,SP600,Consumer Defensive,VDC,0.16069334792821816,-0.164705,0.9688580721123131,4.307,1712941.0714945695,-55058.92850543033,0.161,0.5,0.0099,1.896,1.917,50741000,0.03308,1650931200,error,50.758926,-73112872,0.117410004,160857000,0.89685,0.38433054998836114,Farm Products,error,,1414972800,2:1,2777497600,1657882.1429891393,32231000,-0.01,0.0919,0.12,2.7845807,1.8106326,0.01201,2.28,-0.00763,0.01791,0.33,31.431,12.979999542236328,0.5708776948647649,0.42454434629860993,-0.03114192788768684,44056600,"Cal-Maine Foods, Inc.",5.66,,96714000,1.976,1661000,1533992960,0.034,0.0006291636,error,error,1.7175065595331431,0.6010728215160175,0.9427194743064792
SNEX,SNEX,-0.05034541911016532,-0.0018431906470874893,0.8438926284016633,2022-08-23,76.48601725795719,28,-0.0018431906470874893,0.8438926284016633,71.82493466128477,60.68807326580239,False,92.68861789017426,67.99717449178904,70.7985250377655,5.795658611501941,76.13808352152506,83.50537465300272,59.20720781476162,68.7707923900474,82.38984226076938,1569700.0,331705.54044378217,0.21131779349161126,0.08970473364299257,2.3557039289879067,1569700.0,331705.54044378217,0.21131779349161126,0.044852366821496285,4.711407857975813,83.79000091552734,2022-07-25,SLY,81.05000305175781,77.5,70.47000122070312,SP600,error,error,0.8574583187736031,error,0.6338811483269546,error,46653.65251686386,-26946.347483136135,error,error,error,error,error,error,error,error,error,error,error,error,error,error,0.37050530094542783,error,error,error,error,error,error,19707.305033727727,error,error,error,error,error,error,error,error,error,error,error,error,14.0,1.596428462437221,error,-0.3661188516730453,error,error,error,error,error,error,error,error,error,error,error,error,1.1953554402474784,0.8572017409773617,0.7242877742295873
HUM,HUM,-0.053934879923649134,0,1,2022-07-26,432.6380599980517,0,0,1,2205.770890479867,2423.5204532527378,False,517.2247992041486,416.81677278048113,438.9196838378906,25.19499335643292,456.2761898803711,497.5279202436661,388.52969712502477,415.0244595170761,489.30967055075644,17838900.0,2068336.115623235,0.11594527216494487,0.09152400565260371,1.266829083126416,17838900.0,2068336.115623235,0.11594527216494487,0.045762002826301856,2.533658166252832,491.7900085449219,2022-07-25,SPY,472.67999267578125,472.67999267578125,472.67999267578125,SP500,Healthcare,VHT,0.7602690332873134,0.80034,0.7096785308203838,1.531,636368.7385866381,-260331.26141336182,86.638,3.15,0.0064,0.141,0.123,4649999872,0.05314,1656460800,error,17.792692,3554874880,0.18249,14994000000,0.98043996,0.3096523583605726,Healthcare Plans,1656460800,0.788,681004800,3:2,62207991808,376037.4771732763,3400999936,0.049640004,0.1225,1.39,4.0608563,0.7109891,0.03469,1.205,0.064840004,0.20561,0.16,682.543,78.76998901367188,0.7278158639513237,1.43112209056733,-0.29032146917961615,126493000,Humana Inc.,1.87,,17955999744,141.952,13292000256,87495000064,2.888,0.0059062927,error,20.865084,1.0876318883315812,4.485188499469858,4.927957890855289
UTHR,UTHR,-0.056167873582883825,-0.002062404630453041,0.8270111041424802,2022-08-23,188.47251939076128,28,-0.002062404630453041,0.8270111041424802,963.2836922582188,878.4734309659915,False,249.94655918826274,184.27060218533782,200.13452503204346,19.436642313314135,224.46231686909994,256.7409044704957,161.26124040541518,192.18372926770417,239.00780965867173,8187700.0,1577391.824144336,0.19265383735900632,0.07719074474884116,2.495815242952408,8187700.0,1577391.824144336,0.19265383735900632,0.03859537237442058,4.991630485904816,227.97999572753906,2022-07-25,MDYG,242.92999267578125,229.82000732421875,212.6199951171875,SP400,Healthcare,VHT,0.9003391985094253,0.675,0.7935215043799498,7.608,238215.15561486094,-61984.84438513906,20.685,,,0.073,0.136,736800000,0.43714002,,error,14.419987,403587488,0.92732,1563000000,0.97120005,0.4311461766948278,Biotechnology,error,,1253664000,2:1,10267420672,176230.31122972188,598200000,0.40752998,0,5.49,2.6800995,6.091617,0.28229,6.972,0.08776,0.1294,0.079,37.539,31.819992065429688,-0.04494054969058026,1.43112209056733,-0.20647849562005016,45036500,United Therapeutics Corporation,2.9,,1930700032,42.779,818899968,1685500032,,,error,22.993444,1.0645397325642736,4.225299194274255,3.8532917248400294
PLAB,PLAB,-0.060354022001862455,-0.0007408218107767262,0.9340915141666309,2022-10-18,18.018502805215483,84,-0.0007408218107767262,0.9340915141666309,5.940293115902254,4.558288881732448,False,24.232012149428716,17.393875930683723,17.025150039196014,2.5381208267154207,19.35005001703898,23.742410593899677,11.948908385765172,14.957689440178285,22.101391692626855,17277600.0,4216183.175861471,0.24402597443287674,0.12372870752161305,1.9722664151344993,17277600.0,4216183.175861471,0.24402597443287674,0.061864353760806526,3.9445328302689986,21.790000915527344,2022-07-25,SLY,23.040000915527344,20.299999237060547,14.5600004196167,SP600,Technology,VGT,0.847457578160351,0.967645,0.7183111077680231,3.38,354414.7005727426,-138985.29942725739,8.253,,,1.653,1.606,230734000,0.30918,,error,9.815315,88907624,0.30465,167044000,0.91357005,0.32298864813186473,Semiconductor Equipment & Materials,,,881020800,2:1,1342292352,215429.40114548523,195842000,0.19570999,0,0.99,1.5834606,1.7986758,0.117089994,2.86,0.07027,0.12517,0.28,12.342,5.820001602172852,1.2835051749107036,1.7216037579656762,-0.28168889223197685,61601300,"Photronics, Inc.",1.49,,329281984,5.345,86678000,746267008,0,0,error,15.789856,1.7374132040313546,0.2726155514600854,0.20919177100558337
ACHC,ACHC,-0.0621318554958487,-0.009121842780475453,0.43039127539615746,2022-08-02,63.148012244661125,7,-0.009121842780475453,0.43039127539615746,277.89329226003133,239.60430928306369,False,94.3922103685738,58.17340378349681,63.45548750877381,7.125431563636039,70.84353360493978,77.42368921430207,49.20462438150173,64.26337799557749,77.70635063604588,11758500.0,1529658.5161225223,0.13008959613237422,0.102379109152342,1.2706654434626747,11758500.0,1529658.5161225223,0.13008959613237422,0.051189554576171,2.5413308869253495,78.62999725341797,2022-07-25,MDYG,76.69000244140625,76.69000244140625,68.0,SP400,Healthcare,VHT,0.9157941448590291,1.399509,0.8894465040849893,1.223,576628.1685982986,-71671.83140170146,63.852,,,,,503291008,0.21746,,error,26.92808,1145051136,0.42339,979888000,1.02562,0.4751569139491809,Medical Care Facilities,error,,1320105600,1:4,7071635968,504956.33719659713,374476992,0.17135,0,2.18,2.874849,3.055502,0.082370006,1.082,0.04399,0.09177,0.096,26.072,15.990001678466797,0.90744123541785,1.43112209056733,-0.11055349591501075,89935600,"Acadia Healthcare Company, Inc.",4.34,,133813000,1.488,1649206016,2314394112,,,error,error,1.1625885511659113,3.5341892657633482,3.0472379200375506
INCY,INCY,-0.07130970676392982,0,1,2022-07-26,63.69855262182533,0,0,1,155.13392207069845,129.70473131249165,True,86.31869267370755,64.64520015763617,72.79371266365051,5.189887903605612,75.87478329976399,83.52904888174793,62.413936856439285,68.22051771778006,83.17348847086174,32001100.0,10924541.660185998,0.34138019193671465,0.16067841729471663,2.1246175913629677,32001100.0,10924541.660185998,0.34138019193671465,0.08033920864735832,4.249235182725935,80.62000274658203,2022-07-25,SPY,84.86000061035156,84.86000061035156,84.86000061035156,SP500,Healthcare,VHT,0.018751177716158855,0.658152,0.5384644112829651,3.71,562426.077585057,-482073.92241494294,1.141,,,-0.292,-0.29,681932032,0.21892999,,error,18.035795,489850368,0.45411,1340078000,0.95733,0.40219697231814994,Biotechnology,,,967766400,2:1,17857732608,80352.15517011407,759134016,0.19865999,0,1.74,4.620587,5.7332172,0.29955,3.506,0.08875,0.28313,0.213,14.106,18.849998474121094,-0.6748007756484278,1.43112209056733,-0.4615355887170349,221504992,Incyte Corporation,4.63,,2544160000,11.486,44085000,3114784000,0,0,error,19.663416,1.1273218597590273,1.924260937553435,1.608840571740003
NBTB,NBTB,-0.08212027675477039,-0.004072111015870128,0.6870150593162736,2022-08-16,34.63702196014394,21,-0.004072111015870128,0.6870150593162736,22.86084966851109,21.653958731278212,False,39.84554446211753,33.656709027272385,37.15215765953064,1.398562207859917,37.14617979685465,39.366789794102736,34.3550332438108,34.92556979960657,39.94928207525047,2921300.0,955138.7478632897,0.3269567479763426,0.16171483689043578,2.0218104551399985,2921300.0,955138.7478632897,0.3269567479763426,0.08085741844521789,4.043620910279997,39.9900016784668,2022-07-25,SLY,42.33000183105469,42.33000183105469,42.33000183105469,SP600,error,error,0.1400254036710522,error,0.8793112520059982,error,198900.2052037568,-27299.794796243194,error,error,error,error,error,error,error,error,error,error,error,error,error,error,0.42265178905103085,error,error,error,error,error,error,171600.4104075136,error,error,error,error,error,error,error,error,error,error,error,error,4.8000030517578125,-1.4624991655355037,error,-0.12068874799400174,error,error,error,error,error,error,error,error,error,error,error,error,1.0686599640790602,0.5716641337582351,0.541484316639529
FICO,FICO,-0.08230109179415024,0,1,2022-07-26,384.40808498991794,0,0,1,7418.7207791605415,6722.86410003771,False,504.65575775660403,369.3254868367556,422.04052532196044,43.13399713832416,405.9296011861165,452.57383857447326,335.7725310453121,359.2853637977597,508.30851959860877,2995000.0,1307202.8665909674,0.43646172507210934,0.15938783172332915,2.7383628998086538,2995000.0,1307202.8665909674,0.43646172507210934,0.07969391586166458,5.4767257996173075,469.70001220703125,2022-07-25,MDYG,541.8599853515625,541.8599853515625,541.8599853515625,SP400,Technology,VGT,0.5892733010495005,1.20051,0.8206598172408777,1.26,233805.98193192604,-51094.01806807396,,,,0.695,0.52,514279008,0.38029,1488326400,error,25.994461,432562240,0.78141,984074000,0.89505,0.4252378263565282,Software—Application,1488326400,0.02,1078963200,3:2,12167294976,182711.96386385208,439831008,0.36409,0,2.27,,8.997369,0.31520998,1.169,0.20073,,0.078,49.155,99.760009765625,-2.170006999219318,1.7216037579656762,-0.17934018275912236,25932000,Fair Isaac Corproation,3.84,,174219008,6.718,1842035968,1352317056,0,0,error,30.787403,0.6500310614373419,15.794593541314551,14.313101820986223
ELF,ELF,-0.08976252756161214,0,1,2022-07-26,27.178033400949708,0,0,1,38.814485456489486,28.574404074043127,False,39.43890601188366,23.54147586103995,28.096050000190736,3.2279124330655127,27.58117833137512,34.84381735750676,21.640225134059712,20.31853930524348,34.55187486632176,12869600.0,3342659.389559012,0.25973296680231023,0.07371561654915941,3.523445627414643,12869600.0,3342659.389559012,0.25973296680231023,0.036857808274579705,7.046891254829286,33.08000183105469,2022-07-25,SLY,33.630001068115234,33.630001068115234,31.290000915527344,SP600,Consumer Defensive,VDC,0.6577793963753951,1.904264,0.6627943081208637,2.969,319864.5330991288,-162735.46690087116,37.449,,,,,51003000,0.13006,,error,34.404495,24197000,0.64192003,251732000,0.98307997,0.43652592289048064,Household & Personal Products,,,,,1600593152,157129.06619825764,19513000,0.07604,0,4.7,5.1204014,4.081532,0.05551,1.368,0.03796,0.0748,0.134,7.698,10.010000228881836,0.06893131125166083,0.42454434629860993,-0.3372056918791363,52272800,"e.l.f. Beauty, Inc.",3.43,,43353000,0.829,117001000,392155008,0,0,error,69.59091,1.0956578321714352,1.173351974244796,0.8637969314505353
BANF,BANF,-0.0953967944511863,-0.0011928460682856246,0.8960067406945272,2022-10-18,77.60024797256798,84,-0.0011928460682856246,0.8960067406945272,279.0673082234975,208.3294523993094,False,112.50537904017601,77.8505653551053,78.22269329071045,10.489221420029976,91.76596964518228,102.37403308001225,57.2442504506505,81.15790621035231,99.20113613077041,3051200.0,497383.3743460527,0.16301238016060982,0.21210271577170006,0.7685539507003325,3051200.0,497383.3743460527,0.16301238016060982,0.10605135788585003,1.537107901400665,102.31999969482422,2022-07-25,SLY,97.19999694824219,86.81999969482422,77.37999725341797,SP600,Financial Services,VFH,0.9845570260958513,1.085568,0.6666658593237211,,111199.86533519668,-55600.134664803314,,1.44,0.014400001,-0.075,-0.072,,0,1656460800,error,19.342155,,0,489579000,0.54147,0.532607113462975,Banks—Regional,1656460800,0.36,1501545600,2:1,3354172416,55599.730670393365,,0.41672,0.2934,2.66,2.867311,6.977785,0.32773,,,,-0.024,14.706,16.990005493164062,2.6815768368244126,0.9103335326015097,-0.33333414067627887,32781200,BancFirst Corporation,7.75,,4157594112,126.829,94189000,480692992,1.44,0.014401441,error,21.140495,1.4629772865360837,2.7273974692712386,2.036057984955678
KELYA,KELYA,-0.09965655518781899,-0.0049865249937702805,0.6313417730069233,2022-08-16,15.378073762750418,21,-0.0049865249937702805,0.6313417730069233,31.487497863486226,25.56415659729115,False,23.61914375111959,15.70836333656165,19.18489998817444,1.5908258148897851,19.334633366266885,21.141115017140926,16.00324835839487,17.528151715392845,22.36655161795401,2543200.0,688903.6938554767,0.2708806597418515,0.10779128175036118,2.513010842279402,2543200.0,688903.6938554767,0.2708806597418515,0.05389564087518059,5.026021684558804,21.200000762939453,2022-07-25,SLY,25.0,25.0,25.0,SP600,Industrials,VIS,0.09357132655760209,1.023529,0.8888918323231467,1.451,158933.85961937864,-19866.14038062137,6.137,0.3,0.0168,1.999,2.064,84900000,0.01729,1653436800,error,11.157895,100275000,0.18722,919200000,0.85339,0.45271131775097184,Staffing & Employment Services,error,,740016000,5:4,833261760,139067.71923875727,85000000,0.01122,0.0256,0.7,0.65521085,0.16971745,0.03179,1.402,0.012619999,0.12295,0.007,124.612,4.880001068115234,-2.3360645934416926,1.6132919069679976,-0.1111081676768533,36030900,"Kelly Services, Inc.",3.79,,112700000,2.86,82000000,4909700096,0.05,0.0023992322,error,7.802724,0.8535209629374017,1.4852592797322322,1.2058563998724399
CI,CI,-0.10114453913617356,0,1,2022-07-26,221.25563141275236,0,0,1,1640.1621007836072,1309.5765129180518,False,285.59720615915666,211.48726247658522,236.81498228073121,22.113272463818348,263.0716021982829,281.0812437165744,192.58843735309452,245.0619606799914,281.04152720836794,40864200.0,9047866.595222065,0.22141303623274322,0.16475034558672658,1.343930633008528,40864200.0,9047866.595222065,0.22141303623274322,0.08237517279336329,2.687861266017056,272.6300048828125,2022-07-25,SPY,273.5799865722656,271.7099914550781,269.9700012207031,SP500,Healthcare,VHT,0.6076002872374444,0.745849,0.5096355545099884,0.811,674502.6563939697,-648997.3436060303,73.102,4.48,0.0166,0.115,0.019,10101999616,0.05708,1654560000,error,10.810072,2813374976,0.13013,23159000000,0.90648,0.4424139418685824,Healthcare Plans,1654560000,1.12,1181001600,3:1,86498140160,25505.31278793933,8128000000,0.04689,0.2557,1.02,1.8852907,0.4887232,0.030439999,0.485,0.03405,0.11532,0.066,535.481,42.21998596191406,0.06229361143708422,1.43112209056733,-0.49036444549001157,317272992,Cigna Corporation,1.84,,5154999808,16.248,33746999296,176987996160,4.12,0.0153046055,error,16.923029,1.134203114595689,6.016073327983895,4.803493707455132
HRB,HRB,-0.10525820127697476,-0.0013231725886657664,0.8853143622967826,2022-10-18,30.506697721649328,84,-0.0013231725886657664,0.8853143622967826,17.71142581721046,15.63707516351305,False,40.32950474800608,29.483866231446033,27.310386595726012,4.906226834536084,35.255900077819824,38.49319655775907,17.497932926653846,32.01860359788058,37.12284026479818,31643100.0,7203745.887563112,0.22765613633187368,0.1386059245201534,1.6424704580270109,31643100.0,7203745.887563112,0.22765613633187368,0.0693029622600767,3.2849409160540217,38.63999938964844,2022-07-25,MDYG,36.83000183105469,34.959999084472656,26.229999542236328,SP400,Consumer Cyclical,VCR,0.9641972622421764,0.661132,0.7961171520843827,1.103,1084072.725993304,-277627.27400669607,5314.905,1.08,0.028499998,-0.008,-0.112,806428032,0.30238,1654560000,error,10.5,,0.472,1400058000,0.93184,0.45863132724235994,Personal Services,1654560000,0.27,1124755200,2:1,6166711808,806445.451986608,80728000,0.25066,0.3344,1.06,137.5089,2.3122642,0.16063,0.971,,,0.039,15.645,6.209999084472656,2.8824477214398305,1.2132261461696012,-0.2038828479156173,159594000,"H&R Block, Inc.",5.11,,1041740032,6.527,2384054016,2666958080,1.11,0.029249012,error,12.4244375,0.6466241566775159,0.4583702406050066,0.40468621662820686
SCHL,SCHL,-0.10845537906261891,-0.0016386529597861577,0.8599511223346425,2022-10-04,34.62683393409782,70,-0.0016386529597861577,0.8599511223346425,43.10475621793149,37.98742434267004,False,43.311299359728736,33.820147896639874,38.46067485332489,2.5739135681532,36.00929986317953,39.0812914106113,33.312847717018485,32.93730831574776,43.60850198963129,2326800.0,629158.2802339282,0.2703963728012413,0.14145251938799994,1.9115698608347322,2326800.0,629158.2802339282,0.2703963728012413,0.07072625969399997,3.8231397216694645,42.97999954223633,2022-07-25,SLY,43.709999084472656,43.709999084472656,40.470001220703125,SP600,error,error,0.30850390323174526,error,0.6550387310355432,error,245508.5163921216,-129291.4836078784,error,error,error,error,error,error,error,error,error,error,error,error,error,error,0.44724653549160404,error,error,error,error,error,error,116217.03278424319,error,error,error,error,error,error,error,error,error,error,error,error,10.509998321533203,0.09990479588462699,error,-0.3449612689644568,error,error,error,error,error,error,error,error,error,error,error,error,0.7606458535924497,1.0029026681485318,0.8838395706668145
CORT,CORT,-0.11920102250642521,-0.0022639664686381344,0.8117839492227615,2022-09-20,17.41625772340128,56,-0.0022639664686381344,0.8117839492227615,33.1109236518755,30.754915786218575,False,29.824293439727924,18.69656835119524,21.60178748369217,2.6465183092775604,23.03331667582194,28.831119045389478,16.30875086513705,17.2355143062544,26.89482410224729,14473500.0,2214817.4435301,0.15302569824369364,0.08614750970819542,1.7763217852963187,14473500.0,2214817.4435301,0.15302569824369364,0.04307375485409771,3.5526435705926374,26.56999969482422,2022-07-25,SLY,25.68000030517578,25.68000030517578,25.5,SP600,Healthcare,VHT,0.253785676452957,0.42699,0.605633386613655,6.782,284829.3817244019,-185470.61827559804,0.691,,,0.111,-0.028,132714000,0.34904,,error,22.982906,139035008,0.98616,360697000,0.77866995,0.3798469342330428,Biotechnology,,,,,2857089280,99358.76344880386,177716992,0.34612998,0,-0.67,7.004428,7.5141277,0.29415,6.528,0.1612,0.24351,0.179,3.366,8.539999008178711,0.33372351347952917,1.43112209056733,-0.394366613386345,106251000,Corcept Therapeutics Incorporat,23.75,,345527008,3.252,2816000,380228992,0,0,error,29.877777,0.6769210328183267,1.2461770429875256,1.157505311985742
ADUS,ADUS,-0.12125160239544314,-0.00919012876725489,0.42767107110633623,2022-08-09,70.7796364862683,14,-0.00919012876725489,0.42767107110633623,444.56737845447316,594.0036529719308,False,97.30015380864494,70.49690394188981,85.30268766403198,7.6070489721604115,84.09901682535806,93.1332320418031,70.08858971971115,75.06480160891303,100.5167856083528,1521200.0,281204.2942520183,0.1848568855193389,0.07982388660980365,2.3158091314565925,1521200.0,281204.2942520183,0.1848568855193389,0.039911943304901824,4.631618262913185,93.69000244140625,2022-07-25,SLY,108.11000061035156,108.11000061035156,108.11000061035156,SP600,error,error,0.3035831708542601,error,0.55801298263362,error,31862.5413083797,-25237.4586916203,error,error,error,error,error,error,error,error,error,error,error,error,error,error,0.38021196672367624,error,error,error,error,error,error,6625.082616759399,error,error,error,error,error,error,error,error,error,error,error,error,21.729995727539062,-1.9907962730066842,error,-0.44198701736638,error,error,error,error,error,error,error,error,error,error,error,error,0.8013556077534891,4.745088770090551,6.340096461662714
THS,THS,-0.13999825570812785,0,1,2022-07-26,33.089242165965004,0,0,1,51.99560867031582,55.92042072237004,True,44.98745040015087,32.27284399032893,38.09579992771149,3.512320384684873,40.791716734568276,45.1016173174216,31.071159158341743,36.48181615171495,45.120440697081236,6533300.0,1521605.3502476267,0.23289996636426105,0.12460210139057712,1.8691495870861279,6533300.0,1521605.3502476267,0.23289996636426105,0.06230105069528856,3.7382991741722558,44.5,2022-07-25,SLY,45.939998626708984,45.939998626708984,45.939998626708984,SP600,Consumer Defensive,VDC,0.04419900512427596,0.399744,0.47619082219501474,1.177,133714.38287236015,-147085.61712763985,112.231,,,,,332700000,0.07542,,error,16.666666,402037504,0.15419,715200000,1.13976,0.4459219062241083,Packaged Foods,,,,,2492832256,-13371.234255279705,262900000,0.02702,0,0.75,1.3486484,0.5651015,-0.00385,0.421,0.01437,-0.01632,0.079,78.985,7.549999237060547,-0.5721849426052212,0.42454434629860993,-0.5238091778049853,56018700,"Treehouse Foods, Inc.",5.89,,192800000,3.442,2073799936,4411299840,0,0,error,error,0.6053710667516244,1.1684406442767599,1.2566386679184278
USPH,USPH,-0.17713791762379316,-0.0069389092305272015,0.5269736257476778,2022-08-23,92.68455763515502,28,-0.0069389092305272015,0.5269736257476778,775.10121434361,643.0170229985961,False,120.57661028107792,88.30883839165683,101.82832651138305,8.188104750067922,112.00663332621257,123.78580315349846,85.45211701124721,100.22746349892667,118.2045360115189,1270300.0,518988.89380501513,0.408556162957581,0.22615738864972532,1.8065125592264273,1270300.0,518988.89380501513,0.408556162957581,0.11307869432486266,3.6130251184528546,124.79000091552734,2022-07-25,SLY,123.37999725341797,123.37999725341797,123.37999725341797,SP600,error,error,0.22621392424056358,error,0.5918381116485707,error,20773.51771886483,-14326.48228113517,error,error,error,error,error,error,error,error,error,error,error,error,error,error,0.4572460608200529,error,error,error,error,error,error,6447.035437729661,error,error,error,error,error,error,error,error,error,error,error,error,24.87000274658203,0.1700848620497024,error,-0.40816188835142936,error,error,error,error,error,error,error,error,error,error,error,error,0.8778403403607682,6.211244560117363,5.152792838216791
ATGE,ATGE,-0.18536215252046118,0,1,2022-07-26,26.396579246129164,0,0,1,53.748805723767376,39.864253010948524,False,38.826719738374116,26.401022867732017,30.88883751153946,4.285031833127593,34.43455012321472,40.090759773957565,22.318773845284277,28.77834047247188,39.458901177794644,8180400.0,1652879.7244393288,0.20205365562067,0.11722158944743317,1.723689779102329,8180400.0,1652879.7244393288,0.20205365562067,0.05861079472371659,3.447379558204658,39.189998626708984,2022-07-25,SLY,39.70000076293945,39.70000076293945,39.70000076293945,SP600,error,error,0.23850961725710645,error,0.4166650772155359,error,230999.1188082931,-323400.88119170687,error,error,error,error,error,error,error,error,error,error,error,error,error,error,0.44446518515684563,error,error,error,error,error,error,-92401.76238341376,error,error,error,error,error,error,error,error,error,error,error,error,9.55000114440918,-0.16021007595241096,error,-0.5833349227844641,error,error,error,error,error,error,error,error,error,error,error,error,1.027975960823795,1.3714929218480807,1.0172047565161184
AGYS,AGYS,-0.22117090005497825,-0.008887543108995755,0.43985545984459373,2022-08-23,30.63882817454045,28,-0.008887543108995755,0.43985545984459373,341.57513649956593,413.9265633367004,False,49.69983812420262,32.71197031896404,42.58577500343323,4.94938915534345,43.43251672108968,53.10828756864542,32.68699669274633,33.75674587353393,52.48455331412013,2153800.0,574247.7714788371,0.2666207500598185,0.11970421439842976,2.2273296842530876,2153800.0,574247.7714788371,0.2666207500598185,0.05985210719921488,4.454659368506175,51.7400016784668,2022-07-25,SLY,59.34000015258789,59.34000015258789,59.34000015258789,SP600,error,error,0.7303634418427316,error,0.5000007690923326,error,42450.065295939035,-42449.934704060965,error,error,error,error,error,error,error,error,error,error,error,error,error,error,0.44675530589755813,error,error,error,error,error,error,0.13059187807084527,error,error,error,error,error,error,error,error,error,error,error,error,17.130001068115234,-1.330997898464924,error,-0.4999992309076674,error,error,error,error,error,error,error,error,error,error,error,error,0.9674905146263582,6.601761217988576,8.000126592747458
HNGR,HNGR,-0.22122704332424653,-0.005089772994371189,0.6253430868975295,2022-09-13,11.076661277263604,49,-0.005089772994371189,0.6253430868975295,34.64361885745361,44.893529183314484,False,17.604761628271202,11.76884403359144,17.36441248178482,1.7372236375549974,15.01901669184367,16.843114197767786,13.889965206674827,13.194919185919554,20.838859756894816,25948000.0,9836276.720775295,0.3790764883912169,0.11966427881346714,3.1678333095720395,25948000.0,9836276.720775295,0.3790764883912169,0.05983213940673357,6.335666619144079,18.510000228881836,2022-07-25,SLY,25.540000915527344,25.540000915527344,25.540000915527344,SP600,Healthcare,VHT,0.1149938918752395,1.283099,0.7500059604701619,1.395,1313560.4391674416,-437839.5608325585,616.286,,,,,101321000,0.08854,,error,14.808001,36399000,0.32291,367905000,1.04879,0.46513526046264075,Medical Care Facilities,,,662601600,1:4,724083456,875720.8783348831,70278000,0.060159996,0,1.3,6.6606693,0.6327714,0.03263,0.918,0.046409998,0.4732,0.1,29.544,5.129999160766602,-4.111112185208416,1.43112209056733,-0.24999403952983812,39118500,"Hanger, Inc.",8.33,,37423000,0.959,668996992,1144305024,0,0,error,15.554622,8.22214603345416,1.8716163386858253,2.4253662143809946
QURE,QURE,-0.32955628533529674,0,1,2022-07-26,12.421624358379095,0,0,1,234.3273579897638,538.9875707441483,False,22.292039192894602,11.516818584526387,20.638625009059908,5.99625512550344,17.510689978599547,25.389491800592086,8.646114758053027,9.631888156607008,32.631135260066785,12573100.0,3068391.404266575,0.24404414219775353,0.09460150635287964,2.5797067256775756,12573100.0,3068391.404266575,0.24404414219775353,0.04730075317643982,5.159413451355151,24.0,2022-07-25,SLY,38.79999923706055,38.79999923706055,38.79999923706055,SP600,Healthcare,VHT,0.2153116742597308,1.035784,0.4256752402873396,17.089,179379.5462570849,-242020.4537429151,22.781,,,,,319000000,0.60877997,,error,-16.551723,156812880,0.69114,362161000,0.93935996,0.4874981079976934,Biotechnology,error,,,,1109140736,-62640.90748583019,287959008,0.59485,0,,1.8771999,2.1166728,0.62898,16.729,0.33893,0.78503,0.693,11.395,12.020000457763672,-3.6938432629180022,1.43112209056733,-0.5743247597126604,46214200,uniQure N.V.,5.76,,556256000,11.974,135724000,524001984,,,error,3.4632034,1.263405588973293,9.763639916240159,22.457815447672846
