DATE,T10YIE,WDFUELLA,DTWEXBGS,GASREGW,DGS2,CPALTT01USQ657N,PAYEMS,MSPUS,ASPUS,IRLTLT01USM156N,MEPAINUSA672N,MABMM301USM189S,LFWA64TTUSM647S,MANMM101USA189S,MICH,UMCSENT,CSCICP03USM665S,DGS10,DTB3,DGS3MO,CASTHPI,GDPC1,CIVPART,POPTOTUSA647NWDB,MEHOINUSA672N,HOSMEDUSM052N,MORTGAGE30US,TTLHH,CSUSHPINSA,EMRATIO,CPIAUCSL,PSAVERT,LRUN64TTUSQ156S,USSTHPI,NYSTHPI,M2V,GFDEBTN,DFII10,GFDEGDQ188S,CUSR0000SEHA,ETOTALUSQ176N,ERENTUSQ176N,RECPROUSM156N,T5YIFR,BAMLHYH0A0HYM2TRIV,BAMLCC0A1AAATRIV,GVZCLS,DGS1,BAMLCC0A4BBBTRIV,VXVCLS,IC4WSA,WILLMICROCAPPR,WILLLRGCAPVAL,CFNAIDIFF,MZMSL,KCFSI,T5YIE,TOTALSA,USSLIND,AWHAETP,CES0500000003,TCU,WTB3MS,WGS3MO,TWEXB,DEXCHUS,DEXUSUK,CILACBQ158SBOG,CES4348400001,FEDFUNDS,TDSP,PERMIT,CP,PRFI,DRSFRMACBS,DRCCLACBS,DRBLACBS,DALLCIACBEP,USROA,USROE,RSAHORUSQ156S,MEFAINUSA672N,COMREPUSQ159N,HDTGPDUSQ163N,POP,NROU,FGCCSAQ027S,TEDRATE,VIXCLS,NFCI,INDPRO,LES1252881600Q,CUUR0000SEHA,LEU0252918500Q,BAA10Y,BAMLC0A0CM,BAMLH0A3HYC,BOGMBASE,DCOILBRENTEU,DCOILWTICO,DFF,DGS1MO,DGS30,DGS5,FPCPITOTLZGUSA,ICSA,INTDSRUSM193N,M1,M1V,MPRIME,PPIACO,SPCS20RSA,STLFSI2,T10Y2Y,T10Y3M,TB3MS,TREAST,UNRATE,WPU0911
2009-12-31,2.2384210526315784,1.9762499999999998,92.48849444444444,2.6072500000000005,0.9005263157894736,,,,,,,,,,,,,3.6310526315789473,0.05421052631578947,0.05421052631578947,,,,,,,4.985,,,,,,,,,,,1.3926315789473687,,,,,,2.5531578947368416,677.8436842105264,448.0984210526315,26.297894736842107,0.3857894736842105,503.83684210526303,24.12421052631579,487750.0,5519.01842105263,29492.253684210536,,,,1.923684210526316,,,,,,0.05,0.05,101.19785,6.827584210526315,1.616484210526316,,,,,,,,,,,,,,,,,,,,,0.20111111111111113,21.145789473684214,-0.0827225,,,,,2.7489473684210526,2.0136842105263155,10.575263157894739,,73.92842105263158,74.04789473684211,0.11678571428571428,0.02315789473684211,4.527368421052632,2.380526315789473,,485500.0,,1691.15,,,,,-0.1791,2.7305263157894735,3.576842105263159,,776570.5,,
2010-03-31,2.2790163934426233,2.0679999999999996,93.10724736842106,2.714923076923078,0.9177049180327869,0.40141505360425,129789.0,222900.0,275300.0,3.716666666666667,31142.0,8487566666666.667,198480080.14983103,1742691666666.67,2.733333333333333,73.86666666666666,98.28576006737633,3.7178688524590173,0.10983606557377054,0.10983606557377054,409.99,15456.059,64.86666666666666,309327143.0,58627.0,,4.995833333333333,117538.0,143.88466666666667,58.5,217.37400000000002,5.7,9.95861914470034,326.35,573.62,1.74,12773123.0,1.438852459016393,86.51175,248.764,131626.0,4451.0,0.06666666666666667,2.601967213114754,699.8572307692307,452.2995384615383,22.302950819672134,0.36459016393442634,515.6467692307692,22.130983606557376,479865.3846153846,5963.297049180325,29956.179672131155,0.02,9487.433333333332,0.41408705514988897,1.956065573770492,10.993333333333332,0.8000000000000002,33.96666666666667,22.436666666666667,71.12396666666667,0.10384615384615385,0.10384615384615385,102.01756153846152,6.82712131147541,1.557513114754098,-20.1,1236.4333333333334,0.13333333333333333,11.634188,657.6666666666666,1530.604,379.435,11.54,5.78,3.92,43054.0,0.49,4.8,67.2,71667.0,-27.118,96.688,309024.0,4.8507282830000005,247758.0,0.14704918032786893,20.14967213114754,-0.2282046153846154,89.6896,344.0,249.08333333333334,1140.0,2.569344262295083,1.7952307692307687,9.842769230769235,2063266.6666666667,76.41803278688525,78.80704918032788,0.1338888888888889,0.06885245901639347,4.624426229508197,2.4273770491803277,1.64004344238989,478692.3076923077,0.6666666666666666,1695.969230769231,8.708,3.25,182.0666666666667,146.689696956753,-0.3401230769230769,2.8001639344262275,3.6080327868852455,0.10666666666666665,776607.6153846154,9.833333333333334,166.20000000000002
2010-06-30,2.1360937499999997,2.1907692307692304,94.71885156249998,2.8076923076923084,0.8731250000000002,0.475072151679043,130423.66666666667,219500.0,268800.0,3.4899999999999998,,8575733333333.333,198996979.643496,,2.9666666666666663,73.93333333333334,98.24540250164216,3.4924999999999993,0.14828125000000003,0.14828125000000003,408.81,15605.628,64.9,,,,4.922307692307692,,146.71266666666668,58.6,217.29733333333334,6.466666666666666,9.84534906230382,323.41,570.09,1.747,13201792.0,1.35640625,88.12832,249.11833333333334,131749.0,4464.0,0.15333333333333332,2.4770312500000005,718.5368750000005,463.64656249999996,22.032380952380944,0.37828124999999996,527.98171875,27.435714285714283,463384.6153846154,6461.836507936511,30615.483174603167,0.3433333333333333,9440.5,0.45231444557297085,1.7951562500000002,11.694,1.3366666666666667,34.1,22.516666666666666,73.01466666666666,0.14769230769230768,0.14769230769230768,103.52124615384615,6.823700000000001,1.4931015624999993,-14.2,1242.6000000000001,0.19333333333333336,11.297374,599.6666666666666,1517.068,396.341,11.08,5.1,3.64,38770.0,0.57,5.36,66.9,,-7.534,94.88,309368.1153333333,4.843936591,264795.0,0.2919672131147541,26.391428571428573,-0.2225684615384616,91.46686666666666,342.0,248.97866666666667,1138.0,2.6901562500000007,1.8309374999999994,10.04703125,2009700.0,78.48920634920633,77.81603174603174,0.19197802197802188,0.12500000000000003,4.3715625,2.254843750000001,,462692.3076923077,0.75,1712.7692307692307,8.742,3.25,184.23333333333335,147.123887911852,0.1698461538461538,2.6193750000000016,3.344218749999999,0.14666666666666667,776835.1538461539,9.633333333333333,185.5
2010-09-30,1.7278125,2.144615384615385,93.63393906249999,2.721846153846154,0.5387499999999998,0.0932504983551205,130402.0,224100.0,266000.0,2.7866666666666666,,8660266666666.667,199233052.30446032,,2.5333333333333337,68.3,97.71595020524121,2.7845312500000015,0.15484375000000006,0.15484375000000006,411.01,15726.282,64.63333333333334,,,,4.447142857142857,,146.19833333333335,58.53333333333333,217.93433333333334,6.466666666666666,9.60893640699939,326.54,578.16,1.748,13561622.0,1.0567187500000002,89.56529,249.489,131874.0,4373.0,0.12,2.1098437499999996,743.1967164179102,483.6985074626865,18.933906250000003,0.26890625,551.3086567164178,27.627343749999994,462769.23076923075,5870.25578125,29987.993124999994,0.08333333333333333,9559.833333333334,0.37256633176140697,1.3457812500000006,11.961333333333334,0.9366666666666665,34.233333333333334,22.626666666666665,74.41766666666666,0.15461538461538463,0.15461538461538463,102.40362307692308,6.768028125000002,1.5520781249999989,-3.3,1255.7666666666667,0.18666666666666668,11.096391,574.0,1600.154,361.234,10.61,4.58,3.32,37057.0,0.62,5.79,66.7,,3.972,93.459,309954.0,4.836630897,323981.0,0.23238095238095252,24.283593749999998,-0.2311953846153846,92.67790000000001,342.0,249.1726666666667,1158.0,2.990937500000001,1.913134328358209,11.0620895522388,1983066.6666666667,76.82343750000001,76.06203124999999,0.18880434782608693,0.14265624999999998,3.8560937499999994,1.5449999999999997,,462307.6923076923,0.75,1744.4846153846154,8.671,3.25,184.63333333333333,145.50146074122299,0.18102307692307693,2.2457812500000003,2.6296875,0.15666666666666665,785670.0,9.466666666666667,197.6
2010-12-31,2.123709677419355,2.4015,90.64960655737707,2.882230769230769,0.48709677419354835,0.294916320739454,130732.33333333333,224300.0,278000.0,2.8633333333333333,,8771333333333.333,199950437.12129936,,2.9,71.26666666666667,98.00412417928901,2.878387096774195,0.13951612903225805,0.13951612903225805,406.49,15807.995,64.43333333333334,,,,4.436153846153847,,141.86166666666665,58.26666666666667,219.69899999999998,6.3,9.7093886366471,324.2,577.91,1.745,14025215.0,0.7546774193548388,91.61136,250.16099999999997,131995.0,4003.0,0.05333333333333334,2.6458064516129043,781.4105970149253,485.7283582089553,20.32953125,0.2591935483870968,562.5376119402983,22.1575,437192.3076923077,6691.859218749998,32639.48828125,-0.04666666666666667,9719.8,0.1477961383976957,1.6016129032258066,12.439666666666668,1.2366666666666666,34.266666666666666,22.743333333333336,74.99743333333333,0.14142857142857146,0.14142857142857146,99.2156769230769,6.656973770491805,1.5804196721311476,-0.2,1269.5333333333333,0.18666666666666668,10.949832,583.3333333333334,1599.159,369.289,10.37,4.14,2.97,33583.0,0.63,5.79,66.5,,6.519,92.526,310581.81700000004,4.828742863,363784.0,0.15350000000000003,19.3184375,-0.395795,93.03806666666667,341.0,250.30700000000002,1139.0,3.0383870967741937,1.75955223880597,9.747761194029856,1983933.3333333333,86.54,85.16046875000002,0.18956521739130433,0.11967741935483871,4.167096774193547,1.5033870967741934,,432307.6923076923,0.75,1812.1999999999998,8.434,3.25,188.0,143.29224791136235,-0.23672142857142858,2.3912903225806454,2.738870967741935,0.1366666666666667,895235.1538461539,9.500000000000002,194.86666666666667
2011-03-31,2.3783870967741936,2.888833333333334,89.28980161290322,3.2740769230769233,0.6937096774193549,1.26482237514333,131060.66666666667,226900.0,268100.0,3.4600000000000004,30667.0,8881733333333.334,199368702.71130466,2010508333333.33,3.7999999999999994,73.06666666666666,98.27631756960965,3.4574193548387107,0.12677419354838707,0.12677419354838707,392.03,15769.911,64.16666666666667,311583481.0,57732.0,,4.846923076923077,119927.0,138.19533333333334,58.36666666666667,222.0436666666667,6.900000000000001,9.16630922533274,315.22,569.2,1.728,14270114.0,1.079032258064516,92.95617,251.521,132117.0,4102.0,0.17333333333333334,2.700967741935485,809.9892187500001,478.96187500000013,17.414516129032258,0.27209677419354833,561.9040624999998,20.338709677419356,413961.53846153844,7551.060161290323,35541.19193548388,0.04,9807.666666666666,-0.24780210809121503,2.0558064516129035,13.048666666666668,1.5233333333333334,34.266666666666666,22.863333333333333,75.50313333333334,0.12916666666666668,0.12916666666666668,97.76369999999999,6.578343548387096,1.6026661290322577,4.2,1282.4,0.15666666666666668,10.76335,567.0,1464.223,368.767,10.33,3.82,2.43,27356.0,0.87,7.81,66.5,70328.0,11.999,92.134,311097.8356666667,4.820244006999999,413923.0,0.18016393442622966,18.61483870967743,-0.5042683333333333,93.52096666666667,338.0,251.843,1150.0,2.6291935483870965,1.5498437499999995,7.990156250000002,2218266.6666666665,105.4496774193548,94.06612903225808,0.1545555555555558,0.10467741935483868,4.559193548387095,2.1193548387096772,3.15684156862206,412615.3846153846,0.75,1870.7384615384613,8.205,3.25,195.9,141.68319347412634,-0.38201666666666667,2.7637096774193535,3.3306451612903234,0.12666666666666668,1185960.6153846155,9.033333333333333,195.46666666666667
2011-06-30,2.4039682539682543,3.216076923076923,86.93641875000003,3.803769230769231,0.5615873015873014,1.74331089219681,131748.0,228100.0,267600.0,3.2099999999999995,,9074400000000.0,200004723.82417166,,4.166666666666667,71.86666666666666,97.8911758410739,3.201428571428572,0.045238095238095216,0.045238095238095216,385.75,15876.839,64.10000000000001,,,,4.650769230769231,,140.60166666666666,58.29999999999999,224.56833333333336,6.6000000000000005,9.21772965418347,309.71,561.11,1.714,14343087.0,0.7974603174603173,92.19383,252.591,132239.0,3947.0,0.24,2.6653968253968245,830.2216923076924,489.9641538461538,17.377936507936504,0.20412698412698407,579.3746153846151,19.50650793650794,418673.07692307694,7489.045079365076,36409.24793650794,-0.03333333333333333,10096.2,-0.2162756794357725,2.1425396825396827,12.497333333333335,1.3533333333333335,34.33333333333333,22.973333333333333,75.7263,0.05076923076923078,0.05076923076923078,95.2540076923077,6.498590625,1.6308937499999998,7.8,1299.3666666666666,0.09333333333333334,10.683328,611.6666666666666,1529.084,374.296,10.54,3.65,2.12,24224.0,0.85,7.61,66.0,,4.172,90.63,311591.4976666667,4.811158123999999,430571.0,0.21766666666666673,17.482380952380954,-0.502006153846154,93.87816666666667,336.0,252.40200000000002,1141.0,2.646190476190477,1.5381538461538458,8.309692307692305,2570766.6666666665,117.01245901639346,102.02174603174603,0.09461538461538452,0.024126984126984143,4.338253968253968,1.8544444444444441,,420461.53846153844,0.75,1928.715384615385,8.044,3.25,203.70000000000002,140.491285375888,-0.4033,2.63984126984127,3.156190476190477,0.04666666666666667,1488713.6923076923,9.066666666666668,198.29999999999998
2011-09-30,2.1453124999999993,3.0272142857142854,87.64447343750001,3.634076923076923,0.2792187499999999,0.408517984250489,132160.66666666666,223500.0,263000.0,2.4266666666666663,,9448200000000.0,200165096.9143063,,3.4,59.666666666666664,96.63945450943822,2.4142187500000003,0.02500000000000001,0.02500000000000001,387.31,15870.684,64.10000000000001,,,,4.291538461538462,,141.43233333333333,58.300000000000004,226.03266666666664,6.766666666666667,9.11462684502452,312.03,558.69,1.656,14790340.0,0.2689062500000001,94.52097,254.20433333333332,132362.0,4240.0,0.05333333333333334,2.4896875000000005,813.2605970149251,510.71940298507457,26.60281249999999,0.13343749999999996,594.2105970149254,29.69390625000001,413557.6923076923,6638.579687499998,33762.307812499996,0.15666666666666668,10405.5,0.5909823111782553,1.8009375000000003,12.893333333333333,1.4433333333333334,34.36666666666667,23.093333333333334,76.35210000000001,0.024285714285714292,0.024285714285714292,95.68774615384615,6.4154874999999985,1.61023125,10.6,1305.8666666666666,0.08333333333333333,10.571616,626.0,1539.465,381.117,10.54,3.45,1.84,22542.0,0.93,8.35,66.1,,0.925,89.804,312185.70166666666,4.801569813,472791.0,0.273968253968254,30.583593749999995,-0.17294499999999993,94.94470000000001,336.0,253.9053333333333,1152.0,3.041875,2.021343283582088,11.174328358208953,2660066.6666666665,113.23507936507939,89.49296874999999,0.08358695652173913,0.019843750000000007,3.690937499999999,1.1440624999999998,,413230.76923076925,0.75,2073.0384615384614,7.533,3.25,203.83333333333334,139.93331523204034,0.3230214285714285,2.1350000000000002,2.38921875,0.02333333333333333,1646411.1538461538,9.0,198.16666666666666
2011-12-31,1.9960655737704913,3.0611538461538457,91.37396557377048,3.372153846153846,0.26360655737704913,-0.152055770464975,132717.33333333334,221100.0,259700.0,2.046666666666667,,9609100000000.0,200340749.87014067,,3.1666666666666665,64.8,97.18887795841846,2.0467213114754093,0.014754098360655747,0.014754098360655747,386.1,16048.702,64.06666666666666,,,,4.002307692307692,,136.74633333333333,58.53333333333333,227.04733333333334,6.866666666666667,8.81730507916816,313.46,563.02,1.649,15222940.0,0.05065573770491805,96.09067,256.21933333333334,132491.0,4058.0,0.04,2.2839344262295085,805.8870769230768,522.2775384615385,27.411746031746034,0.11393442622950821,597.0183076923078,31.800793650793647,393553.5714285714,6171.2958730158725,34044.505079365066,0.14,10571.7,0.7656765318152033,1.708196721311476,13.757,1.7,34.4,23.19666666666667,76.74716666666667,0.015384615384615384,0.015384615384615384,99.5746846153846,6.35835573770492,1.5718442622950823,10.3,1317.3333333333333,0.07333333333333335,10.445243,691.3333333333334,1617.095,391.162,10.26,3.25,1.65,21041.0,0.88,7.91,65.9,,4.582,88.713,312797.965,4.791622118,494759.0,0.46449999999999997,29.939523809523823,0.0031907692307692323,95.8752,335.0,256.4023333333334,1158.0,3.206557377049181,2.51123076923077,13.68846153846154,2620933.3333333335,109.4208064516129,94.01523809523809,0.07434782608695661,0.010163934426229513,3.0409836065573765,0.9526229508196717,,389571.4285714286,0.75,2155.276923076923,7.339,3.25,200.76666666666665,137.99194943276802,0.6060692307692308,1.7831147540983603,2.031967213114754,0.013333333333333334,1671434.076923077,8.633333333333333,187.36666666666667
2012-03-31,2.2070967741935488,3.239615384615384,90.6997096774194,3.586461538461538,0.28951612903225804,0.795638655920569,133504.66666666666,238400.0,278000.0,2.0366666666666666,30484.0,9785966666666.666,201123903.67982936,2315500000000.0,3.5,75.5,98.5005825842717,2.0400000000000005,0.0706451612903226,0.0706451612903226,381.79,16179.968,63.76666666666667,313877662.0,57623.0,,3.922307692307693,121084.0,134.679,58.46666666666667,228.32600000000002,7.933333333333333,8.35338032441151,310.17,558.68,1.642,15606518.0,-0.1670967741935484,97.12296,257.81466666666665,132619.0,3860.0,0.09999999999999999,2.4938709677419357,853.2196923076918,523.3776923076923,20.069838709677423,0.15645161290322573,617.1652307692309,21.76693548387096,372692.3076923077,7070.852903225806,37638.848064516125,0.32666666666666666,10769.433333333334,0.20900357639824776,1.9203225806451611,14.654666666666666,1.9333333333333333,34.46666666666667,23.290000000000003,77.07483333333334,0.07076923076923075,0.07076923076923075,98.91773076923076,6.309867741935483,1.5720806451612908,10.7,1335.1333333333334,0.10333333333333333,10.203293,752.0,1880.022,414.107,10.34,3.06,1.52,19971.0,0.99,8.84,65.6,70300.0,4.732,87.181,313305.6516666667,4.781499529,531393.0,0.44129032258064504,18.204032258064515,-0.2739369230769231,96.79986666666666,335.0,258.1556666666667,1158.0,3.16225806451613,2.162153846153846,11.666153846153847,2663466.6666666665,118.71064516129034,102.98419354838705,0.10417582417582424,0.05096774193548388,3.1433870967741937,0.8983870967741937,2.06933726526059,369000.0,0.75,2210.9923076923083,7.26,3.25,202.16666666666666,136.919507055536,-0.007738461538461527,1.7504838709677422,1.969354838709678,0.06666666666666667,1660243.2307692308,8.266666666666667,186.4
2012-06-30,2.1775,2.970307692307692,92.39792656250002,3.7373846153846157,0.2895312499999998,0.827531738138412,133925.0,238700.0,282700.0,1.8233333333333333,,9940866666666.666,201506062.948761,,3.1,76.3,98.6092320385892,1.8257812499999995,0.08828124999999995,0.08828124999999995,382.46,16253.726,63.73333333333333,,,,3.7946153846153843,,140.90133333333333,58.5,228.808,8.566666666666668,8.28003387576874,308.79,553.07,1.63,15855037.0,-0.35171875,97.82754,259.4503333333333,132748.0,3766.0,0.22,2.4892187499999996,869.6921538461538,530.9567692307694,20.023174603174603,0.188125,631.1153846153846,22.55809523809524,376461.53846153844,7097.460793650794,37585.65523809525,-0.006666666666666668,10957.933333333334,0.20039634366304937,1.8657812500000002,14.577333333333334,1.6833333333333333,34.43333333333334,23.413333333333338,77.13973333333333,0.08923076923076922,0.08923076923076922,100.52398461538463,6.330496875,1.5828109375000001,11.3,1344.3666666666666,0.15333333333333335,10.077813,774.0,1801.743,419.287,10.45,2.92,1.4,18879.0,0.98,8.69,65.6,,2.908,86.156,313798.53866666666,4.771399521,558492.0,0.38033898305084746,20.035714285714285,-0.24733,97.41283333333332,337.0,259.18666666666667,1164.0,3.2681250000000004,2.1269230769230774,11.595692307692312,2625033.3333333335,107.74983333333336,93.2887301587302,0.15230769230769237,0.06156249999999999,2.937656249999998,0.7889062499999995,,378230.76923076925,0.75,2258.4615384615386,7.165,3.25,201.80000000000004,139.44822374495564,0.0357076923076923,1.5362500000000003,1.7375,0.08666666666666667,1665291.4615384615,8.2,186.20000000000002
2012-09-30,2.2707936507936504,3.122923076923077,92.35402222222223,3.652,0.2577777777777777,0.219328147982669,134336.0,248800.0,294500.0,1.6433333333333333,,10121200000000.0,201544208.146037,,3.2999999999999994,74.96666666666665,98.6000487042321,1.6412698412698408,0.10158730158730157,0.10158730158730157,391.3,16282.151,63.6,,,,3.5538461538461537,,144.44733333333332,58.53333333333334,229.841,7.833333333333333,8.1063415980059,312.88,554.94,1.612,16066240.0,-0.6295238095238096,98.44787,261.0316666666667,132890.0,3810.0,0.21333333333333335,2.6114285714285703,905.3015151515152,542.6113636363636,17.77047619047619,0.1819047619047619,652.5822727272728,19.056507936507934,376038.46153846156,7405.501746031747,39401.334444444445,-0.29333333333333333,11164.766666666668,-0.129630650419617,1.9301587301587309,14.641,1.51,34.4,23.52333333333333,76.72753333333334,0.10153846153846156,0.10153846153846156,100.67415384615386,6.351587301587301,1.5800936507936512,12.4,1356.3333333333333,0.14333333333333334,10.130386,873.0,1818.331,433.74,10.47,2.82,1.26,17548.0,1.0,8.88,65.4,,7.817,85.768,314381.66533333337,4.761502715,602207.0,0.32354838709677436,16.191746031746028,-0.3418784615384615,97.39743333333335,333.0,260.73500000000007,1170.0,3.234444444444445,1.8854545454545464,10.787121212121212,2631133.3333333335,109.62841269841267,92.16793650793653,0.14434782608695662,0.07952380952380951,2.743968253968254,0.668888888888889,,376307.6923076923,0.75,2346.1846153846154,6.948,3.25,202.39999999999998,142.91632296761233,-0.29926923076923073,1.3834920634920633,1.539682539682539,0.10333333333333333,1649845.1538461538,8.033333333333333,187.36666666666665
2012-12-31,2.4663934426229503,3.095384615384615,91.03736666666666,3.506214285714285,0.26754098360655726,0.0360404695392824,134860.66666666666,251700.0,297700.0,1.7066666666666668,,10342600000000.0,201720185.4506937,,3.1333333333333333,79.4,98.9612982138886,1.7070491803278682,0.08967213114754093,0.08967213114754093,399.57,16300.035,63.70000000000001,,,,3.359230769230769,,143.93433333333334,58.73333333333333,231.36933333333332,9.933333333333332,7.98147708791518,315.31,556.86,1.588,16432730.0,-0.7593442622950818,100.07517,263.14566666666667,133062.0,3865.0,0.02,2.825737704918034,935.7620312500003,545.785625,14.752419354838713,0.17229508196721316,672.99453125,18.174032258064518,377000.0,7476.005322580646,40407.866129032256,-0.02666666666666666,11410.566666666666,-0.305928081327161,2.107049180327869,15.249333333333334,1.59,34.43333333333333,23.64,76.75656666666667,0.09076923076923077,0.09076923076923077,99.12185384615385,6.243732258064515,1.606477419354839,10.1,1363.9333333333334,0.16,9.806707,915.0,1785.961,460.926,10.01,2.71,1.19,16962.0,0.99,8.78,65.3,,4.67,85.226,314996.70999999996,4.751948857,622248.0,0.22716666666666682,16.765,-0.4873246153846154,97.9101,333.0,263.39000000000004,1168.0,2.8672131147540973,1.5657812499999997,10.107812500000003,2644833.3333333335,110.14781250000004,88.01015625000001,0.16119565217391307,0.09147540983606553,2.8631147540983606,0.6901639344262297,,374923.07692307694,0.75,2432.407142857143,6.738,3.25,202.26666666666665,145.910229925835,-0.5535923076923077,1.439508196721312,1.6173770491803283,0.08666666666666667,1653312.3076923077,7.8,183.46666666666667
2013-03-31,2.539666666666667,3.127230769230769,91.58449666666668,3.5665833333333334,0.2628333333333332,0.590329875755822,135494.66666666666,258400.0,307400.0,1.95,30804.0,10507300000000.0,201904584.23152003,2549725000000.0,3.266666666666667,76.66666666666666,98.6775740947521,1.9510000000000003,0.08633333333333335,0.08633333333333335,408.07,16441.485,63.46666666666666,316059947.0,59640.0,,3.4969230769230775,122459.0,145.81433333333334,58.56666666666666,232.29933333333335,5.8,7.79049152927417,316.92,557.49,1.583,16771381.0,-0.5886666666666667,100.85592,264.9173333333333,133234.0,3803.0,0.12666666666666668,2.8565000000000014,968.6579365079369,539.2866666666665,14.090499999999997,0.14983333333333346,675.289365079365,15.344333333333331,353346.1538461539,8245.592166666665,43722.332666666676,0.12,11627.833333333334,-0.43958365417651263,2.222833333333334,15.798333333333332,1.8366666666666667,34.46666666666667,23.78,76.97816666666667,0.08769230769230771,0.08769230769230771,99.62875384615384,6.222773770491804,1.550760655737705,8.7,1371.8333333333333,0.14333333333333334,10.159172,952.0,1766.372,485.076,9.74,2.64,1.1,15778.0,1.12,9.91,65.2,72869.0,3.827,83.908,315468.6366666667,4.742824857,665236.0,0.2048333333333334,13.526999999999997,-0.5679161538461538,98.62396666666666,331.0,265.25899999999996,1189.0,2.8590000000000004,1.47015873015873,8.766825396825398,2840666.6666666665,112.44333333333337,94.32549999999998,0.14366666666666678,0.06849999999999998,3.1346666666666665,0.8226666666666669,1.46483265562714,352538.46153846156,0.75,2472.725,6.716,3.25,203.6,149.6194803718703,-0.7335230769230769,1.6881666666666675,1.864666666666666,0.08666666666666667,1729275.4615384615,7.733333333333333,179.5
2013-06-30,2.2539062500000004,2.887461538461539,92.5994578125,3.6010769230769233,0.27015625000000004,0.540980611864743,136079.33333333334,268100.0,320400.0,1.9966666666666668,,10634300000000.0,202257150.09295264,,3.0666666666666664,81.66666666666667,99.3898870080986,1.9862499999999992,0.05156249999999998,0.05156249999999998,426.93,16464.402,63.4,,,,3.6723076923076925,,153.75900000000001,58.6,232.045,6.366666666666667,7.6823366157564,321.8,559.05,1.57,16738320.0,-0.26765625000000004,100.23216,266.7953333333333,133408.0,3631.0,0.17333333333333334,2.5476562499999997,988.1477272727271,539.1916666666667,23.16515625,0.12796874999999994,678.6062121212123,16.22984375,348634.6153846154,8847.6615625,47077.80421875,-0.07333333333333333,11785.599999999999,-0.41733785904652665,1.96015625,15.948,1.6466666666666665,34.46666666666667,23.91,77.05950000000001,0.052307692307692305,0.052307692307692305,100.67484615384615,6.154582812499998,1.5363203125000002,5.6,1382.1000000000001,0.11666666666666665,10.08305,985.6666666666666,1757.557,507.175,9.32,2.53,1.04,15008.0,1.09,9.66,65.1,,9.589,83.62,315930.3013333333,4.7341672180000005,680570.0,0.2237096774193551,14.83703125,-0.6291592307692309,99.0906,335.0,266.48266666666666,1193.0,2.8382812499999988,1.504090909090909,8.199090909090911,3110033.3333333335,102.56468750000002,94.04890624999997,0.11582417582417572,0.03468750000000001,3.1406250000000013,0.9093749999999999,,346384.6153846154,0.75,2524.592307692308,6.611,3.25,203.9666666666667,155.89842657428233,-0.531776923076923,1.7160937499999998,1.9346875000000001,0.05000000000000001,1866164.5384615385,7.533333333333334,180.26666666666665
2013-09-30,2.1509375,3.070846153846154,93.69260468750001,3.5651428571428565,0.3659375,0.377979341325954,136609.66666666666,264800.0,324400.0,2.7100000000000004,,10782566666666.666,202464559.3338287,,3.133333333333333,81.56666666666666,99.25374197086599,2.7065624999999995,0.03218750000000002,0.03218750000000002,448.37,16594.743,63.26666666666667,,,,4.4399999999999995,,159.12800000000001,58.70000000000001,233.29999999999998,6.3999999999999995,7.40438068311029,326.55,561.88,1.568,16738180.0,0.5556250000000001,98.97766,268.674,133593.0,3693.0,0.13333333333333333,2.47390625,981.1106153846155,519.7700000000002,23.664375,0.12249999999999994,654.5159999999997,15.878749999999995,334365.3846153846,9746.111093750002,48786.50515625001,0.006666666666666668,11965.666666666666,-0.530846318707853,1.8279687499999993,15.901666666666666,1.6533333333333333,34.43333333333334,24.023333333333337,77.1468,0.03230769230769231,0.03230769230769231,101.9236,6.1252749999999985,1.5511656250000003,5.8,1385.1000000000001,0.08333333333333333,10.045344,988.3333333333334,1792.757,523.058,8.65,2.44,0.99,14528.0,1.05,9.38,65.2,,13.652,83.025,316515.9466666667,4.725973252,720074.0,0.22920634920634939,14.2796875,-0.6038192307692307,99.49226666666668,334.0,268.37466666666666,1174.0,2.69578125,1.5533846153846154,8.23753846153846,3392233.3333333335,110.22859375,105.83046874999997,0.08521739130434784,0.025312500000000016,3.7143750000000004,1.5037500000000001,,331307.6923076923,0.75,2558.171428571429,6.609,3.25,204.16666666666666,161.48502993138266,-0.4293846153846154,2.340625,2.6743750000000004,0.03333333333333333,2002151.6923076923,7.233333333333333,181.23333333333335
2013-12-31,2.174032258064517,2.96276923076923,93.11071803278689,3.286769230769231,0.3272580645161291,-0.27906764611145,137239.0,273600.0,334400.0,2.7466666666666666,,10974366666666.666,202730754.30107865,,2.966666666666667,76.93333333333334,98.79283018756193,2.744193548387096,0.06016129032258062,0.06016129032258062,463.29,16712.76,62.9,,,,4.2930769230769235,,159.40566666666666,58.53333333333334,234.1626666666667,5.933333333333334,7.11599276671164,329.2,561.27,1.561,17156119.0,0.5701612903225804,100.13427,270.47633333333334,133799.0,3651.0,0.13333333333333333,2.6146774193548374,1010.607272727273,523.0962121212123,21.466093749999995,0.12532258064516122,667.2916666666667,15.515156249999997,340692.3076923077,10425.647968750001,51059.071093750004,0.25,12173.466666666667,-0.6547687686137422,1.7333870967741938,15.880333333333335,1.4766666666666666,34.43333333333334,24.14,77.469,0.06000000000000002,0.06000000000000002,101.24977692307692,6.090100000000001,1.619529032258064,6.7,1390.8666666666668,0.08666666666666667,10.050886,1026.0,1838.838,524.645,8.29,2.38,0.9,13369.0,1.06,9.46,65.1,,14.522,83.021,317149.466,4.718212293000001,735517.0,0.18180327868852458,14.232812499999994,-0.713843076923077,100.15293333333334,334.0,270.782,1219.0,2.6129032258064515,1.4245454545454552,7.887878787878787,3663866.6666666665,109.22640624999998,97.49671875,0.08554347826086955,0.0583870967741935,3.7861290322580645,1.4390322580645156,,343000.0,0.75,2637.153846153846,6.495,3.25,201.9,165.91272250716398,-0.6439384615384617,2.4169354838709687,2.684032258064515,0.06333333333333334,2140135.923076923,6.933333333333334,181.96666666666667
2014-03-31,2.1845901639344265,2.954,94.51042807017541,3.4108461538461534,0.3747540983606557,0.761222529671388,137743.33333333334,275200.0,331400.0,2.7633333333333336,31473.0,11151166666666.666,202683561.43843833,2815158333333.33,3.1666666666666665,80.93333333333334,99.3107551201644,2.7654098360655737,0.049344262295081966,0.049344262295081966,472.96,16654.247,62.96666666666667,318386329.0,58725.0,,4.364615384615385,123229.0,160.15366666666665,58.800000000000004,235.621,6.666666666666667,6.73269129228271,331.99,561.64,1.537,17601227.0,0.5808196721311476,102.6653,272.5733333333333,134005.0,3738.0,0.06,2.6063934426229514,1039.700634920635,533.062380952381,17.118688524590166,0.12049180327868857,683.8236507936509,15.973606557377051,328903.8461538461,11535.387213114756,52648.69901639343,0.036666666666666674,12357.0,-0.6787831899572799,1.762786885245902,16.197333333333333,1.5833333333333333,34.4,24.28,77.83806666666668,0.05076923076923078,0.05076923076923078,102.7081230769231,6.102467213114756,1.6550557377049182,13.2,1395.8999999999999,0.07333333333333335,9.965709,1027.3333333333333,1767.596,532.086,7.78,2.32,0.89,13918.0,0.99,8.82,64.9,72926.0,10.848,82.856,317678.50333333336,4.710835162,776550.0,0.1867213114754098,14.828852459016396,-0.7351015384615385,100.86933333333332,335.0,272.8453333333333,1199.0,2.3540983606557377,1.241587301587301,7.3882539682539665,3815933.3333333335,108.14193548387095,98.67819672131144,0.07222222222222222,0.038196721311475404,3.6849180327868853,1.6034426229508205,1.62222297740821,327153.8461538461,0.75,2724.9461538461537,6.288,3.25,205.5,168.50236342901835,-0.686976923076923,2.3906557377049187,2.7160655737704915,0.04666666666666667,2259937.153846154,6.666666666666667,181.4333333333333
2014-06-30,2.1941269841269846,3.004538461538462,93.8333,3.6763076923076925,0.4195238095238095,1.18086781372786,138547.0,288000.0,340600.0,2.623333333333333,,11321100000000.0,202940515.43216035,,3.1999999999999997,82.83333333333333,99.42183885889479,2.6209523809523816,0.03301587301587303,0.03301587301587303,485.68,16868.109,62.833333333333336,,,,4.227692307692307,,164.631,58.93333333333334,236.87233333333333,7.033333333333334,6.30473433802715,338.42,567.43,1.542,17632606.0,0.42682539682539683,100.97295,275.029,134212.0,3375.0,0.04666666666666666,2.483333333333333,1066.809846153846,545.4701538461541,14.57444444444444,0.103015873015873,706.7186153846153,14.229523809523814,317788.46153846156,11020.047936507939,55445.64222222224,0.2866666666666666,12519.299999999997,-0.7654843548792029,1.9049206349206353,17.116,1.8633333333333333,34.5,24.396666666666665,78.66876666666667,0.033846153846153845,0.033846153846153845,102.31003076923076,6.2309578125,1.6831562500000004,12.0,1411.1333333333332,0.09333333333333334,9.903979,1039.3333333333333,1865.14,550.424,7.43,2.26,0.8,12744.0,1.02,9.11,64.8,,8.962,81.907,318192.4443333333,4.703780831,791798.0,0.19557377049180324,12.73825396825397,-0.7474538461538462,102.2128,330.0,274.7103333333333,1187.0,2.2009523809523808,1.1221538461538463,6.914307692307694,3930300.0,109.69406250000002,103.34682539682541,0.09098901098901088,0.02476190476190478,3.4425396825396826,1.657619047619047,,316461.53846153844,0.75,2800.7846153846153,6.236,3.25,208.20000000000002,170.23288266263532,-0.7962846153846154,2.2014285714285715,2.5879365079365084,0.03333333333333333,2360108.3846153845,6.2,186.53333333333333
2014-09-30,2.1787500000000004,2.904384615384615,94.75002968750003,3.4939999999999998,0.5149999999999998,0.114675844472626,139297.33333333334,281000.0,340400.0,2.4966666666666666,,11464533333333.334,203104235.88369432,,3.1666666666666665,82.96666666666667,99.53410640641648,2.4995312500000004,0.026406250000000017,0.026406250000000017,495.85,17064.616,62.86666666666667,,,,4.135384615384615,,167.28233333333333,59.03333333333333,237.47833333333332,7.133333333333333,6.16519074405952,343.3,575.91,1.548,17824071.0,0.32078125,100.45563,277.377,134423.0,3373.0,0.05333333333333334,2.525625,1074.0756716417911,553.0304477611941,14.682500000000003,0.10937500000000003,718.8059701492537,14.516093750000003,302076.92307692306,10973.594531250006,57291.377968750014,0.18999999999999997,12657.633333333333,-0.7333062889541276,1.831875,17.158333333333335,1.8766666666666667,34.53333333333333,24.53333333333333,78.89916666666666,0.02615384615384616,0.02615384615384616,102.8879153846154,6.1641421874999995,1.6691359375,11.1,1424.3999999999999,0.09000000000000001,9.863352,1066.6666666666667,1917.769,568.419,7.05,2.2,0.77,12291.0,1.01,8.98,64.3,,5.448,80.617,318806.562,4.696979838,833020.0,0.2061904761904764,13.072656249999998,-0.7124284615384615,102.8276,336.0,277.098,1170.0,2.242812500000001,1.1173134328358207,7.116417910447761,4037766.6666666665,101.89984375,97.86968750000001,0.08913043478260863,0.021875000000000012,3.2653125000000003,1.7015624999999996,,299769.23076923075,0.75,2835.484615384615,6.259,3.25,207.13333333333333,171.03023620967534,-0.6998153846153846,1.9845312499999999,2.4731250000000005,0.02666666666666667,2426744.846153846,6.066666666666667,186.23333333333332
2014-12-31,1.8291935483870974,2.322769230769231,99.31218196721309,2.849538461538462,0.5366129032258066,-0.803351756605549,140101.33333333334,298900.0,369400.0,2.28,,11609100000000.0,203326234.26869702,,2.8333333333333335,89.76666666666665,100.445591563078,2.275967741935484,0.022580645161290335,0.022580645161290335,501.44,17141.235,62.86666666666667,,,,3.963571428571428,,166.686,59.26666666666667,236.88833333333332,7.366666666666666,5.82832430941208,346.12,579.3,1.538,18141444.0,0.44677419354838693,101.61828,279.646,134642.0,3243.0,0.10666666666666667,2.251451612903227,1058.0303030303028,563.927878787879,19.90578125,0.15225806451612903,721.7051515151514,17.664374999999996,289596.1538461539,10767.88546875,58462.9159375,0.09000000000000001,12854.300000000001,-0.4281667316350657,1.4069354838709673,16.961,1.9333333333333336,34.6,24.626666666666665,79.12533333333333,0.02307692307692307,0.02307692307692307,107.80454285714286,6.14689180327869,1.5836672131147542,9.6,1437.8,0.09999999999999999,9.827895,1075.0,1879.109,589.694,6.5,2.15,0.73,11746.0,1.0,8.89,63.9,,6.976,80.496,319461.925,4.690356278,846248.0,0.2127868852459018,16.07234375,-0.6244153846153846,103.42396666666667,336.0,279.99399999999997,1224.0,2.457741935483871,1.330000000000001,8.840000000000003,3922133.3333333335,76.42921875000003,73.21124999999999,0.101304347826087,0.028387096774193567,2.966129032258065,1.6009677419354846,,288538.46153846156,0.75,2896.9846153846156,6.16,3.25,200.4333333333333,173.25743565559137,-0.37833846153846157,1.7393548387096776,2.253387096774193,0.023333333333333334,2459730.6428571427,5.7,180.66666666666666
2015-03-31,1.6965573770491809,1.7476153846153843,105.47279661016947,2.2804615384615383,0.6045901639344264,-0.543199001688326,140772.33333333334,289200.0,348000.0,1.9666666666666668,33040.0,11834566666666.666,203961617.851939,3021900000000.0,2.766666666666667,95.5,101.12424175814432,1.9688524590163936,0.024590163934426246,0.024590163934426246,506.56,17280.647,62.73333333333333,320738994.0,61748.0,,3.7166666666666663,124587.0,167.01333333333335,59.23333333333333,235.35500000000002,7.933333333333334,5.61339873087235,349.89,584.57,1.52,18152056.0,0.2722950819672131,100.89325,282.15000000000003,134862.0,3311.0,1.2066666666666668,2.03983606557377,1064.2051562500003,580.3517187499998,18.989016393442622,0.22540983606557377,732.5428125000001,18.641311475409836,291230.76923076925,11345.551147540991,59637.64557377051,-0.07666666666666666,13121.266666666668,-0.19366365985388098,1.3532786885245902,17.233666666666668,1.7,34.53333333333333,24.783333333333335,78.11986666666665,0.024615384615384612,0.024615384615384612,114.14266666666667,6.236018032786888,1.5134049180327864,12.9,1445.4333333333334,0.11,9.844575,1082.6666666666667,1770.989,605.135,6.24,2.11,0.73,12679.0,1.0,8.97,63.8,77242.0,14.635,79.68,319979.68299999996,4.683831539,887282.0,0.23606557377049192,16.564754098360655,-0.5151746153846154,102.32386666666666,341.0,282.3636666666667,1227.0,2.532459016393443,1.4231249999999995,9.33296875,3962733.3333333335,53.97709677419355,48.485245901639345,0.11288888888888882,0.019672131147540996,2.551475409836065,1.4572131147540983,0.118627135552435,290692.3076923077,0.75,2980.2846153846153,6.029,3.25,191.53333333333333,176.099195614521,-0.18878461538461536,1.3642622950819672,1.9442622950819675,0.02666666666666667,2460423.5,5.533333333333334,182.4666666666667
2015-06-30,1.863125,1.9034615384615383,105.99703124999998,2.673615384615385,0.61265625,1.2055956442996,141472.66666666666,289100.0,339700.0,2.1666666666666665,,11962800000000.0,204213694.7200087,,2.7000000000000006,94.23333333333335,100.93912968031499,2.164375,0.018281250000000013,0.018281250000000013,518.06,17380.875,62.79999999999999,,,,3.81923076923077,,171.77166666666665,59.36666666666667,236.96,7.5,5.51937980279733,355.61,589.38,1.521,18151998.0,0.3012500000000001,99.77075,284.6073333333333,135081.0,3207.0,0.7733333333333334,2.0965624999999997,1084.92421875,569.4789062500003,15.173650793650799,0.25031249999999994,729.1145312499999,15.856825396825403,278096.1538461539,11852.431428571434,60465.259841269835,-0.07666666666666667,13281.233333333332,-0.567249445849557,1.6296874999999997,17.838333333333335,1.7599999999999998,34.5,24.94333333333333,76.93713333333334,0.01846153846153846,0.01846153846153846,114.70224615384612,6.2032078125000005,1.5329296875000005,10.8,1451.7666666666667,0.12333333333333334,9.88343,1272.3333333333333,1789.321,623.298,5.82,2.12,0.81,14080.0,1.04,9.29,63.5,,13.37,79.534,320482.7833333334,4.6773284660000005,901363.0,0.2621311475409833,13.740158730158734,-0.5511253846153846,100.87766666666666,339.0,284.29133333333334,1210.0,2.6665624999999995,1.3621875000000008,9.234062500000002,3976133.3333333335,61.6511111111111,57.8546031746032,0.12560439560439576,0.012968750000000008,2.8820312500000003,1.52515625,,277615.3846153846,0.75,3001.923076923076,6.061,3.25,193.03333333333333,178.28731724056266,-0.3502307692307693,1.55171875,2.1460937500000004,0.02,2460307.076923077,5.433333333333334,182.76666666666668
2015-09-30,1.654375,1.5947692307692307,109.6267296875,2.60123076923077,0.6925000000000001,0.262677373843337,142136.0,295800.0,347400.0,2.22,,12102400000000.0,204546921.73801067,,2.7999999999999994,90.73333333333333,100.590040044879,2.223125,0.04203124999999999,0.04265624999999998,531.36,17437.08,62.53333333333333,,,,3.9546153846153853,,174.84,59.29999999999999,237.85500000000002,7.333333333333333,5.18839304046401,360.78,594.68,1.513,18150618.0,0.56875,99.146,287.38,135309.0,3404.0,0.58,2.0121875,1056.4545454545453,566.0583333333332,17.281562500000003,0.34781249999999997,716.6069696969698,19.992343750000007,274653.8461538461,11299.780312499997,57852.796250000014,-0.09000000000000001,13475.266666666668,-0.11312792878698452,1.2965624999999998,18.328333333333333,1.7933333333333332,34.5,25.073333333333334,76.93650000000001,0.04230769230769231,0.04307692307692308,118.43881428571429,6.303264062499997,1.5493109375,8.4,1460.0,0.1366666666666667,9.942966,1149.6666666666667,1732.347,645.715,5.39,2.15,0.91,15581.0,1.03,9.22,63.6,,11.294,79.401,321093.371,4.670774594,936547.0,0.27238095238095245,19.3071875,-0.4577961538461538,100.88753333333334,340.0,287.1546666666666,1234.0,3.01984375,1.6128787878787882,11.298787878787875,3991233.3333333335,50.444923076923075,46.48609375000001,0.13478260869565237,0.02468750000000001,2.9600000000000004,1.5557812500000001,,274230.76923076925,0.75,3038.584615384615,6.029,3.25,191.63333333333333,180.11148108521533,0.022653846153846153,1.530625,2.180468749999999,0.04,2461633.714285714,5.1000000000000005,182.5
2015-12-31,1.5264516129032257,1.417846153846154,111.47428548387099,2.161538461538462,0.838225806451613,-0.449843687711113,142836.0,302500.0,366700.0,2.19,,12269866666666.666,204708032.7111663,,2.6666666666666665,91.3,100.548284971536,2.1904838709677414,0.12419354838709683,0.125483870967742,538.62,17462.579,62.56666666666666,,,,3.8978571428571427,,175.12800000000001,59.43333333333333,237.837,7.400000000000001,5.16168376269049,363.73,595.66,1.494,18922179.0,0.6640322580645164,103.21895,289.97066666666666,135552.0,3246.0,1.26,1.82758064516129,1026.8969696969696,573.2857575757575,16.804374999999997,0.4672580645161291,714.4918181818177,19.496249999999993,268730.76923076925,10790.082656249995,59298.44640624999,-0.26333333333333336,13674.766666666668,-0.04069756523587993,1.2253225806451613,18.028000000000002,1.5899999999999999,34.53333333333333,25.236666666666665,75.8732,0.11461538461538462,0.11538461538461539,120.57343076923078,6.389633870967743,1.5168790322580643,8.5,1454.5666666666666,0.16,9.883145,1205.3333333333333,1635.297,661.136,5.1,2.16,1.04,18010.0,1.03,9.2,63.7,,8.033,79.446,321735.7686666667,4.664107354,949665.0,0.28655737704918033,17.033281250000005,-0.4302,99.46719999999999,345.0,290.318,1245.0,3.2269354838709683,1.6809090909090902,13.953030303030301,3967666.6666666665,43.55692307692309,41.936562500000015,0.16108695652173913,0.08758064516129033,2.960645161290322,1.5841935483870966,,268692.3076923077,0.8333333333333334,3059.3230769230777,5.981,3.2900000000000005,185.5666666666667,182.90509609335098,0.10473076923076924,1.3522580645161288,2.065,0.12333333333333334,2461699.3846153845,5.033333333333333,178.5666666666667
2016-03-31,1.4306557377049178,1.0865384615384617,113.60862542372878,1.8836153846153847,0.836229508196721,0.064634065805905,143425.33333333334,299800.0,357000.0,1.92,33545.0,12546766666666.666,205168447.07159665,3248916666666.67,2.566666666666667,91.56666666666666,100.635144092505,1.914262295081967,0.2880327868852459,0.29049180327868857,545.65,17565.465,62.833333333333336,323071755.0,63683.0,,3.738461538461538,125819.0,175.6676666666667,59.76666666666667,237.68933333333334,7.5,5.00915484423785,367.08,598.47,1.469,19264939.0,0.4836065573770492,104.55696,292.596,135795.0,3282.0,0.9400000000000001,1.6270491803278693,991.63421875,586.1203124999997,19.714590163934425,0.5809836065573774,711.04671875,22.2088524590164,270846.1538461539,9662.63704918033,58080.76573770491,-0.17666666666666667,13898.766666666668,0.4325477707336016,1.234262295081967,17.813333333333333,1.5766666666666669,34.46666666666667,25.400000000000002,75.4227,0.2853846153846154,0.28846153846153844,123.13259230769229,6.53939193548387,1.4306048387096775,7.3,1453.3666666666668,0.36000000000000004,9.85265,1154.0,1696.75,684.351,4.78,2.14,1.48,27910.0,0.94,8.31,63.5,78426.0,-0.399,79.009,322273.496,4.657280063,989749.0,0.3368333333333332,20.486229508196722,-0.30767538461538463,98.8778,346.0,292.75666666666666,1250.0,3.3844262295081964,1.9457812500000005,18.438281249999992,3854533.3333333335,33.84274193548387,33.351803278688536,0.35978021978021996,0.24606557377049165,2.718524590163934,1.3698360655737702,1.26158320570537,270615.3846153846,1.0,3126.1923076923076,5.886,3.5,182.0,185.36319626273834,0.4246307692307691,1.0780327868852457,1.6237704918032783,0.2866666666666667,2461278.6153846155,4.8999999999999995,174.76666666666665
2016-06-30,1.558281250000001,1.414769230769231,110.91499687499997,2.250307692307693,0.7712499999999999,1.17235055654708,143964.33333333334,306000.0,357900.0,1.7533333333333332,,12763766666666.666,205416015.07222763,,2.5999999999999996,92.39999999999999,100.69855976209833,1.7501562499999994,0.2575,0.259375,555.19,17618.581,62.76666666666667,,,,3.5892307692307694,,180.27633333333333,59.70000000000001,239.59033333333332,6.900000000000001,4.98230338162968,373.98,608.48,1.458,19381591.0,0.19187499999999996,104.13706,295.358,136039.0,3227.0,0.4066666666666667,1.6378125000000003,1070.4207575757575,606.8153030303027,18.547812499999996,0.5662500000000003,749.9922727272726,18.2459375,268826.92307692306,10240.698124999997,62635.33921874999,-0.2933333333333334,14167.466666666667,0.004226205893963498,1.47875,17.697,1.4800000000000002,34.4,25.576666666666668,75.08946666666667,0.2561538461538462,0.2569230769230769,120.15368461538463,6.5311015625,1.4344468750000001,7.4,1445.7,0.37333333333333335,9.95373,1187.3333333333333,1758.389,694.126,4.59,2.21,1.58,29701.0,0.99,8.72,63.1,,-0.628,78.944,322776.944,4.650266763,1001136.0,0.3853968253968253,15.675937500000002,-0.3690861538461539,98.4921,345.0,295.03766666666667,1249.0,2.9100000000000015,1.5816666666666674,15.291515151515148,3844966.6666666665,45.566875,45.460624999999986,0.36934065934065935,0.21187499999999998,2.565937500000001,1.2404687499999998,,268384.6153846154,1.0,3226.769230769231,5.768,3.5,185.36666666666667,187.50749322633533,0.08423846153846154,0.9789062499999998,1.4907812499999997,0.25666666666666665,2461702.230769231,4.933333333333333,171.29999999999998
2016-09-30,1.4826562499999996,1.4255,112.048984375,2.209076923076923,0.7281250000000002,0.332681941074896,144712.66666666666,303800.0,358800.0,1.5633333333333332,,12961566666666.666,205667225.6380923,,2.533333333333333,90.33333333333333,100.47981916048167,1.5643749999999996,0.29562499999999997,0.29828125,567.25,17724.489,62.86666666666667,,,,3.446153846153846,,183.56466666666665,59.76666666666667,240.6073333333333,6.8,4.95298225098308,380.61,616.71,1.449,19573445.0,0.08171874999999999,104.25015,298.0853333333334,136289.0,3229.0,0.2066666666666667,1.6201562500000009,1132.1361194029848,623.0350746268656,16.139531250000008,0.5593750000000001,779.3405970149255,16.312031249999993,259923.07692307694,10899.99,65955.36984375,-0.09333333333333334,14377.533333333335,-0.13791971537082076,1.34515625,17.99566666666667,1.4666666666666668,34.36666666666667,25.726666666666663,75.21806666666667,0.295,0.29714285714285715,121.22374615384615,6.663860937500001,1.3124359375,3.1,1444.0,0.39666666666666667,10.015296,1225.0,1753.676,700.727,4.39,2.3,1.6,29600.0,1.02,9.0,63.5,,3.588,79.241,323368.8166666667,4.643065796,1036653.0,0.4934920634920635,13.233906249999997,-0.3486978571428571,98.74336666666666,347.0,297.91333333333336,1266.0,2.692499999999999,1.457313432835822,12.783880597014926,3775033.3333333335,45.80106060606059,44.85187499999999,0.39489130434782543,0.2389062499999999,2.28,1.1285937499999998,,258230.76923076922,1.0,3292.446153846154,5.701,3.5,187.06666666666663,189.5870456093693,0.13447857142857142,0.8362499999999997,1.2660937500000002,0.29666666666666663,2463150.153846154,4.8999999999999995,170.66666666666666
2016-12-31,1.8103278688524589,1.608,115.86028360655739,2.2300000000000004,1.0095081967213115,0.222574197162863,145229.0,310900.0,364900.0,2.1300000000000003,,13162666666666.666,205833744.35738334,,2.3333333333333335,93.06666666666666,100.879160608547,2.1386885245901635,0.42721311475409846,0.4332786885245902,574.12,17812.56,62.73333333333333,,,,3.842307692307693,,184.25133333333335,59.70000000000001,242.13466666666667,6.8,4.83665876028453,383.66,622.41,1.441,19976827.0,0.3283606557377049,105.31835,301.23633333333333,136554.0,3231.0,0.22,1.95,1158.0206153846152,599.7519999999998,16.84047619047619,0.7557377049180328,767.0163076923076,16.414285714285718,251410.7142857143,11587.97380952381,66366.62047619048,-0.20000000000000004,14533.366666666669,-0.1965863977473236,1.670655737704918,18.01033333333333,1.53,34.4,25.91,75.07196666666668,0.4284615384615385,0.43384615384615377,125.12795384615386,6.83154426229508,1.2415885245901639,5.2,1451.5333333333335,0.45,9.987856,1255.3333333333333,1823.484,718.566,4.15,2.37,1.61,29188.0,1.02,9.03,63.5,,4.717,78.988,323962.74466666667,4.635697512,1049293.0,0.4949999999999999,14.097936507936511,-0.4175453846153846,98.5983,349.0,301.574,1270.0,2.501639344262295,1.3501538461538465,11.04476923076923,3577833.3333333335,49.05222222222222,49.13555555555556,0.4481521739130431,0.3240983606557379,2.8299999999999996,1.6147540983606554,,251642.85714285713,1.0833333333333333,3342.984615384615,5.673,3.546666666666667,187.0666666666667,192.442076300308,-0.0982153846153846,1.1291803278688528,1.705409836065574,0.43,2463604.0,4.766666666666667,169.5
2017-03-31,2.008064516129033,1.6325384615384613,116.46081147540986,2.327769230769231,1.2443548387096772,0.790736962984811,145780.33333333334,313100.0,374800.0,2.4433333333333334,33750.0,13358833333333.334,205447467.40317902,3524533333333.33,2.6,97.23333333333335,101.393319844179,2.446612903225806,0.598225806451613,0.6061290322580646,580.62,17896.623,62.86666666666667,325122128.0,64557.0,,4.173076923076923,126224.0,185.441,60.0,243.75266666666667,7.1000000000000005,4.6512562119468,386.6,624.27,1.434,19846420.0,0.43854838709677424,103.61549,304.0443333333333,136818.0,3302.0,0.2066666666666667,2.148387096774194,1194.95546875,593.2935937499998,13.829677419354837,0.8925806451612905,769.8648437500001,14.32596774193548,245166.66666666666,12377.224677419359,70524.00161290323,-0.04666666666666666,14707.433333333332,-0.46012438675374473,1.8677419354838716,17.48766666666667,1.68,34.33333333333333,26.066666666666663,75.22916666666667,0.5953846153846154,0.6030769230769232,126.12449230769234,6.885306557377046,1.2399245901639346,-1.8,1450.6333333333332,0.7000000000000001,9.942901,1275.3333333333333,1911.243,742.669,3.9,2.39,1.52,29260.0,1.02,9.14,63.6,80395.0,6.289,78.463,324428.043,4.628192465,1087035.0,0.47306451612903205,11.691935483870967,-0.4935015384615384,98.73956666666668,352.0,304.182,1280.0,2.2158064516129032,1.2464062500000002,8.636250000000004,3732733.3333333335,53.594531249999996,51.62129032258064,0.6988888888888874,0.5535483870967741,3.046129032258065,1.9479032258064515,2.13011000365963,245500.0,1.3333333333333333,3405.369230769231,5.597,3.793333333333333,191.26666666666665,195.79333078194904,-0.3197,1.2022580645161292,1.8404838709677418,0.59,2463625.230769231,4.566666666666667,168.93333333333334
2017-06-30,1.82,1.5459230769230767,113.90085156250002,2.385538461538462,1.2976190476190474,0.543517705750018,146318.33333333334,318200.0,376900.0,2.263333333333333,,13529533333333.334,205520045.254042,,2.5666666666666664,96.36666666666667,101.23080825862667,2.260952380952381,0.8944444444444446,0.9080952380952378,592.74,17996.802,62.86666666666667,,,,3.9799999999999995,,190.476,60.13333333333333,244.18699999999998,7.5,4.40108695043029,395.38,634.76,1.428,19844554.0,0.4409523809523809,102.69956,306.6933333333334,137083.0,3485.0,0.07333333333333333,1.9326984126984128,1222.9912307692312,609.758,12.393174603174604,1.1257142857142852,789.8983076923078,13.262857142857143,242461.53846153847,12610.587936507938,71832.80174603176,0.09333333333333334,14880.766666666665,-0.49012283943268664,1.707301587301588,17.20266666666667,1.5099999999999998,34.36666666666667,26.223333333333333,76.46576666666665,0.893846153846154,0.9084615384615383,123.30503846153846,6.858596875,1.2797625,-1.2,1454.6666666666667,0.9500000000000001,9.918155,1265.3333333333333,1895.574,756.667,3.68,2.48,1.34,25819.0,1.07,9.53,63.9,,8.198,78.583,324864.32433333335,4.6205740230000005,1098281.0,0.3091803278688523,11.426349206349204,-0.5376138461538461,100.16250000000001,354.0,306.39000000000004,1290.0,2.2319047619047616,1.2000000000000002,8.422769230769232,3786300.0,49.55406249999998,48.10380952380951,0.9473626373626354,0.7730158730158732,2.896984126984128,1.8111111111111111,,240769.23076923078,1.5833333333333333,3498.076923076923,5.529,4.043333333333333,193.13333333333333,198.12181228561167,-0.5779692307692308,0.9633333333333334,1.352857142857143,0.89,2464740.5384615385,4.3999999999999995,174.0
2017-09-30,1.7930158730158734,1.7267692307692308,109.93511587301586,2.430846153846154,1.3626984126984123,0.396615691380691,146874.66666666666,320500.0,373200.0,2.243333333333333,,13669200000000.0,205696934.23171568,,2.6333333333333333,95.09999999999998,101.196792009053,2.2414285714285715,1.035873015873016,1.0539682539682538,604.41,18126.226,62.93333333333334,,,,3.8838461538461533,,194.271,60.23333333333334,245.34533333333334,7.5,4.38076882365019,401.55,647.56,1.431,20244900.0,0.4484126984126987,103.50845,309.4603333333334,137354.0,3568.0,0.23333333333333336,1.941428571428571,1243.9430303030304,622.9424242424243,12.27079365079365,1.2434920634920632,805.3184848484848,13.361428571428569,249732.14285714287,12848.704444444442,73419.6985714286,-0.04666666666666667,15019.333333333334,-0.5539683262734137,1.6446031746031742,17.55033333333333,1.3399999999999999,34.4,26.41333333333333,76.47946666666667,1.0353846153846151,1.053076923076923,119.17213076923078,6.668399999999999,1.3089174603174603,3.6,1457.4666666666665,1.153333333333333,9.916002,1278.3333333333333,1948.142,761.476,3.64,2.55,1.28,24177.0,1.08,9.58,63.9,,5.139,78.359,325385.9266666667,4.612838989,1133577.0,0.277741935483871,10.944285714285712,-0.5907438461538462,99.88773333333332,352.0,309.3066666666667,1271.0,2.091746031746032,1.122575757575757,8.710303030303033,3859966.6666666665,52.09938461538461,48.181774193548385,1.1536956521739108,0.9817460317460317,2.817460317460319,1.8134920634920637,,251714.2857142857,1.75,3570.1000000000004,5.491,4.25,194.03333333333333,201.14243059294066,-0.6472538461538461,0.8787301587301589,1.1874603174603175,1.0366666666666668,2465261.5384615385,4.3,183.6
2017-12-31,1.8725806451612903,1.915,110.9740196721311,2.514307692307692,1.6943548387096776,0.370629636262026,147405.33333333334,337900.0,399700.0,2.3699999999999997,,13808266666666.666,205728409.37351438,,2.5333333333333337,98.36666666666667,101.44185359434833,2.371451612903226,1.206935483870968,1.2266129032258062,613.22,18296.685,62.70000000000001,,,,3.922307692307692,,195.51133333333334,60.1,247.25699999999998,7.0,4.1834245483649,404.95,653.72,1.44,20492747.0,0.49887096774193546,103.06686,312.3693333333333,137637.0,3233.0,0.06666666666666667,1.9953225806451609,1258.784923076923,629.666153846154,11.290317460317459,1.5503225806451615,813.4018461538461,12.694126984126985,238634.61538461538,13758.924920634921,77552.13904761903,0.30000000000000004,15193.066666666666,-0.6684936975106144,1.7498387096774188,18.016333333333336,1.5066666666666666,34.46666666666667,26.55333333333333,77.71263333333333,1.2076923076923078,1.2284615384615385,120.05853846153846,6.613075409836063,1.3273081967213112,3.8,1464.9333333333334,1.2033333333333331,9.914281,1319.0,1774.88,780.365,3.57,2.49,1.2,22606.0,0.94,8.36,64.0,,6.863,78.137,325892.4116666667,4.6049403710000005,1145579.0,0.25754098360655747,10.307936507936502,-0.6370723076923076,101.2102,345.0,312.69166666666666,1278.0,1.898360655737705,1.0241538461538464,8.629076923076923,3862866.6666666665,61.39650793650794,55.26587301587303,1.2046739130434767,1.094838709677419,2.816774193548388,2.069193548387097,,236769.23076923078,1.8333333333333333,3613.138461538462,5.497,4.3,195.70000000000002,204.55752082999234,-0.7657615384615384,0.6770967741935483,1.14483870967742,1.2066666666666668,2459216.076923077,4.133333333333334,190.83333333333334
2018-03-31,2.077868852459016,2.0066923076923073,107.9973516666667,2.575923076923077,2.1604918032786893,0.8861183797928,147988.0,331800.0,374600.0,2.76,34745.0,13919266666666.666,206359795.2826427,3680850000000.0,2.733333333333333,98.93333333333334,101.56009146407867,2.758524590163934,1.559016393442623,1.5821311475409834,623.75,18436.262,62.86666666666667,326838199.0,65127.0,,4.282307692307692,127586.0,197.24233333333336,60.333333333333336,249.17933333333335,7.533333333333334,4.14301794313595,410.72,660.69,1.447,21089643.0,0.6806557377049182,104.69589,315.20733333333334,137920.0,3283.0,0.13999999999999999,2.180983606557377,1260.40421875,619.17921875,12.320983606557382,1.942459016393442,805.7948437499996,17.736229508196715,228519.23076923078,14092.850655737704,80175.2878688525,0.08333333333333333,15326.599999999999,-0.5565168169757314,1.9747540983606557,17.563333333333336,1.6333333333333335,34.46666666666667,26.766666666666666,78.26646666666666,1.5584615384615386,1.5815384615384618,117.6897846153846,6.353537096774194,1.391967741935484,1.0,1478.8666666666668,1.4466666666666665,9.846996,1363.6666666666667,1946.553,789.011,3.49,2.48,1.1,22107.0,1.26,11.14,64.2,81070.0,6.64,77.302,326269.7766666666,4.596784534,1181633.0,0.3693442622950819,17.354754098360658,-0.5750384615384614,101.76786666666668,351.0,315.31600000000003,1286.0,1.7085245901639345,1.0054687499999995,8.009374999999997,3826833.3333333335,66.86349206349209,62.905737704918025,1.4470000000000018,1.440983606557377,3.0301639344262306,2.5349180327868863,2.44258329692818,227000.0,2.0833333333333335,3638.9769230769234,5.506,4.526666666666666,198.83333333333334,208.44115747637434,-0.4068153846153845,0.5980327868852459,1.1763934426229512,1.5599999999999998,2434914.5384615385,4.033333333333333,206.70000000000002
2018-06-30,2.129218750000001,2.2114615384615384,110.62099062500002,2.8423846153846153,2.477031250000001,1.03307556684511,148648.33333333334,315600.0,378400.0,2.92,,14064366666666.666,206433587.45480898,,2.8333333333333335,98.33333333333333,101.55391468235534,2.9206250000000002,1.8406250000000008,1.874687500000001,635.74,18590.004,62.93333333333334,,,,4.544615384615384,,202.41,60.46666666666667,250.73766666666666,7.5,3.96550764801048,418.32,668.92,1.457,21195070.0,0.79140625,103.42847,317.8,138203.0,3204.0,0.12666666666666668,2.1849999999999996,1261.678136363636,612.650378787879,11.4665625,2.2521875000000002,793.9616666666666,16.649843750000002,222192.3076923077,14664.23953125,78851.24171874998,0.2066666666666667,15458.466666666667,-0.43399280984850197,2.0734375,17.694999999999997,1.57,34.5,26.98,79.25253333333335,1.8399999999999996,1.877692307692308,120.81806153846152,6.3771671875000004,1.3612140624999993,7.1,1485.8999999999999,1.7366666666666666,9.813704,1347.3333333333333,1972.005,808.928,3.22,2.49,1.07,21755.0,1.34,11.84,64.5,,8.431,76.652,326631.79866666667,4.588244233,1191632.0,0.49612903225806454,15.337499999999999,-0.5378784615384616,103.08493333333332,351.0,317.52366666666666,1310.0,1.8565625,1.176060606060606,7.177424242424244,3684133.3333333335,74.53387096774195,68.06546875000001,1.7369230769230777,1.7239062499999993,3.0853125000000006,2.7656250000000013,,221769.23076923078,2.3333333333333335,3658.9538461538464,5.617,4.796666666666667,202.5666666666667,210.849534869345,-0.3019846153846154,0.4435937500000002,1.0459375000000002,1.8399999999999999,2393594.153846154,3.9333333333333336,216.53333333333333
2018-09-30,2.1114285714285708,2.2224615384615385,113.6503619047619,2.8406153846153845,2.6658730158730166,0.327267567757511,149217.66666666666,330900.0,392900.0,2.926666666666667,,14193766666666.666,206636520.21309432,,2.866666666666667,98.06666666666668,101.48514944447766,2.923809523809524,2.0361904761904768,2.0746031746031743,643.76,18679.599,62.800000000000004,,,,4.566923076923077,,205.258,60.43333333333334,251.75433333333334,7.599999999999999,3.79608821784477,423.33,679.91,1.456,21516058.0,0.8123809523809525,104.14808,320.6356666666666,138488.0,3342.0,0.16666666666666666,2.212539682539682,1280.4230303030304,619.4609090909089,11.39333333333333,2.4601587301587315,800.1949999999999,15.120952380952382,216288.46153846153,15245.079206349208,82705.1758730159,0.09333333333333334,15538.5,-0.47185690945355535,2.01031746031746,17.568666666666665,1.3566666666666667,34.46666666666667,27.21666666666667,79.71736666666666,2.036153846153846,2.074615384615385,125.08763076923076,6.8052873015873026,1.302957142857143,6.7,1500.2,1.9233333333333331,9.809588,1293.6666666666667,1986.036,804.34,2.97,2.54,0.99,20042.0,1.36,12.03,64.4,,3.677,76.855,327086.312,4.579182858,1224371.0,0.3016129032258065,12.856825396825391,-0.5862346153846154,103.94826666666667,354.0,320.51166666666666,1338.0,1.8861904761904766,1.1906060606060604,6.995454545454544,3587533.3333333335,75.07015384615386,69.68730158730159,1.92619565217391,1.953968253968254,3.063015873015873,2.8090476190476195,,215076.92307692306,2.5833333333333335,3691.992307692308,5.612,5.010000000000001,203.76666666666668,212.483229223844,-0.7055384615384616,0.2579365079365081,0.8492063492063491,2.0399999999999996,2333898.5384615385,3.766666666666667,220.1
2018-12-31,1.9842622950819666,2.087692307692308,115.69997540983606,2.622642857142857,2.8027868852459017,-0.0574947362577725,149717.33333333334,322800.0,384000.0,3.033333333333333,,14288200000000.0,206595756.76995435,,2.7999999999999994,98.13333333333333,101.389842958568,3.041147540983606,2.310819672131147,2.3567213114754093,643.63,18721.281,62.9,,,,4.7846153846153845,,205.10733333333334,60.5,252.73799999999997,7.866666666666667,3.84628390157352,424.89,680.85,1.457,21974096.0,1.0568852459016393,105.57706,323.5156666666667,138778.0,3097.0,0.37333333333333335,2.1481967213114763,1266.7350769230768,612.6492307692307,12.203650793650793,2.668196721311476,792.1483076923074,20.696825396825403,216769.23076923078,13358.646984126985,80029.24333333333,-0.20666666666666667,15604.5,-0.04838768221738804,1.820327868852459,18.019000000000002,1.0999999999999999,34.46666666666667,27.44666666666667,79.3762,2.312307692307692,2.356923076923077,127.8038076923077,6.91434333333333,1.2870116666666673,11.1,1517.2333333333333,2.22,9.812197,1310.3333333333333,2005.318,791.779,2.83,2.55,0.95,19679.0,1.35,11.96,64.6,,0.972,76.875,327540.46633333334,4.569488335,1236272.0,0.31383333333333335,21.053650793650796,-0.5199223076923077,103.92236666666668,355.0,323.8036666666667,1340.0,2.097540983606558,1.325846153846154,8.506461538461538,3465966.6666666665,68.76387096774194,59.96557377049181,2.2201086956521734,2.2554098360655734,3.270655737704919,2.883606557377049,,217692.3076923077,2.8333333333333335,3723.4999999999995,5.574,5.283333333333333,202.63333333333333,213.648914114656,-0.2392461538461538,0.23836065573770493,0.6844262295081964,2.316666666666667,2265914.5384615385,3.8333333333333335,220.5
2019-03-31,1.860655737704918,1.9133076923076924,114.55496610169489,2.3576666666666664,2.4850819672131155,0.335116034257493,150167.66666666666,313000.0,375500.0,2.6533333333333338,36426.0,14487666666666.666,206387595.528437,3844675000000.0,2.6,94.46666666666665,101.12445179320133,2.652950819672131,2.3883606557377046,2.438524590163935,647.55,18833.195,63.1,328329953.0,69560.0,,4.373846153846155,128579.0,204.87300000000002,60.70000000000001,253.18566666666666,8.566666666666666,3.92785837358807,429.57,686.14,1.45,22027880.0,0.7922950819672128,104.88672,326.406,139069.0,3315.0,1.1866666666666668,1.9881967213114753,1296.30703125,637.8628124999999,10.538360655737707,2.539672131147541,816.27640625,17.688196721311474,222134.61538461538,13194.481967213116,81216.66704918031,-0.2333333333333333,15809.933333333334,-0.046913994255523665,1.73311475409836,17.368666666666666,1.0999999999999999,34.46666666666667,27.676666666666666,78.28676666666667,2.3884615384615384,2.437692307692308,126.97954615384613,6.74471186440678,1.3030610169491528,8.8,1529.5999999999997,2.4033333333333333,9.844806,1305.0,1937.217,796.544,2.7,2.51,1.15,25106.0,1.35,11.85,64.2,87085.0,4.961,76.167,327872.83933333337,4.55910735,1269571.0,0.298032786885246,16.468688524590164,-0.5528700000000001,102.9646,355.0,326.487,1350.0,2.315409836065574,1.3643750000000008,9.504375000000001,3360633.3333333335,63.09730158730159,54.82311475409836,2.401777777777781,2.4267213114754105,3.0118032786885256,2.464918032786885,1.81221007526015,221153.84615384616,3.0,3746.9750000000004,5.574,5.5,199.69999999999996,214.35418911147931,-0.47440769230769225,0.16786885245901645,0.2144262295081967,2.3866666666666667,2198685.923076923,3.8666666666666667,204.6
2019-06-30,1.8230158730158732,2.137076923076923,115.4312140625,2.791692307692308,2.1279365079365085,1.1985132267461,150582.33333333334,322500.0,376700.0,2.3333333333333335,,14674766666666.666,206490978.26341632,,2.7000000000000006,98.46666666666665,101.50330015685034,2.3388888888888895,2.304920634920635,2.354761904761905,654.05,18982.528,62.9,,,,4.010769230769231,,209.26833333333335,60.63333333333333,255.37333333333333,7.433333333333334,3.64789182215217,436.69,697.59,1.451,22023283.0,0.515873015873016,103.44782,329.7973333333333,139360.0,3229.0,0.8599999999999999,1.9449206349206347,1339.840153846154,662.0258461538461,10.622698412698416,2.2588888888888885,853.3019999999999,16.475714285714282,217250.0,13293.066666666671,85750.39666666665,-0.19000000000000003,16022.566666666666,-0.26422028558559235,1.7011111111111115,17.556333333333335,1.2966666666666666,34.4,27.88,77.50353333333334,2.306923076923077,2.356923076923077,128.13413076923075,6.819498437500001,1.2858546874999996,0.6,1531.0999999999997,2.396666666666667,9.93176,1316.6666666666667,1985.5,808.452,2.61,2.58,1.06,23124.0,1.37,12.14,64.3,,4.834,75.96,328204.22233333334,4.548072317,1278347.0,0.20442622950819675,15.183015873015874,-0.6057546153846154,102.3634,358.0,329.553,1357.0,2.2611111111111115,1.2429230769230772,9.080461538461536,3268666.6666666665,69.03650793650795,59.880158730158726,2.3973626373626375,2.350793650793651,2.7814285714285725,2.121111111111111,,218307.6923076923,3.0,3798.915384615385,5.622,5.5,201.36666666666665,215.70971625278466,-0.5908692307692308,0.21095238095238095,-0.015873015873015872,2.3000000000000003,2126586.6153846155,3.6666666666666665,190.26666666666665
2019-09-30,1.6437499999999998,1.9383846153846152,116.47772812500003,2.6532142857142857,1.6859375,0.274166007843393,151116.66666666666,318400.0,382700.0,1.7966666666666666,,14939900000000.0,206266711.5304363,,2.7000000000000006,93.8,101.00355651817665,1.79796875,1.9835937500000007,2.0260937499999994,660.81,19112.653,63.13333333333333,,,,3.6584615384615393,,211.71533333333332,60.833333333333336,256.19166666666666,7.166666666666667,3.6701308531009,442.23,707.48,1.439,22719402.0,0.15421875000000007,105.64701,332.78766666666667,139655.0,3181.0,0.5066666666666667,1.8345312499999995,1366.048208955224,704.6244776119403,15.659531250000004,1.845,895.952686567164,17.464062499999997,214538.46153846153,12736.13953125,87994.68453125,-0.09000000000000001,16420.5,-0.16355977315063022,1.4529687500000004,17.652,1.3733333333333333,34.36666666666667,28.116666666666664,77.24993333333333,1.9884615384615385,2.0299999999999994,129.4801230769231,7.015028125000001,1.2328562500000007,4.9,1527.8333333333333,2.19,9.953552,1429.0,1923.429,821.9,2.42,2.63,1.12,24304.0,1.33,11.67,64.8,,10.572,75.979,328645.499,4.536518385,1310988.0,0.21333333333333337,15.960156250000002,-0.5566523076923077,102.3531,360.0,332.69233333333335,1383.0,2.2278125,1.2195522388059696,10.28880597014925,3244800.0,61.94575757575756,56.336349206349205,2.1921739130434785,2.0715624999999998,2.2871875,1.6285937500000005,,213692.3076923077,2.75,3870.2357142857145,5.573,5.3,199.4333333333333,216.99245196023733,-0.3432461538461538,0.11203124999999996,-0.22812500000000002,1.9799999999999998,2093452.4615384615,3.6,161.83333333333334
2019-12-31,1.638548387096774,2.042307692307692,116.41754918032791,2.590307692307692,1.591129032258065,0.213017997422981,151733.66666666666,327100.0,384600.0,1.7933333333333332,,15243400000000.0,205903912.778016,,2.433333333333333,97.2,101.39160093497266,1.791935483870968,1.5769354838709684,1.60758064516129,664.95,19202.31,63.23333333333333,,,,3.7,,212.1916666666667,60.96666666666667,257.85966666666667,7.3999999999999995,3.61512948098953,446.22,715.36,1.423,23201380.0,0.15338709677419354,106.94611,335.51033333333334,139961.0,3000.0,0.6666666666666666,1.7558064516129033,1384.9138461538466,714.3795384615383,12.60765625,1.5758064516129031,912.8593846153848,16.38921875,218442.3076923077,12650.416718749999,91903.23265625,-0.20333333333333334,16872.8,-0.44125681520182064,1.521290322580646,17.375333333333334,1.4233333333333331,34.33333333333333,28.31,76.61366666666667,1.5823076923076924,1.613076923076923,129.96866923076922,7.044822580645162,1.2879612903225806,0.4,1523.6666666666667,1.6433333333333333,9.936137,1490.3333333333333,1963.58,828.767,2.34,2.62,1.11,23517.0,1.29,11.38,65.0,,8.132,76.087,329121.1493333333,4.5246824210000005,1319245.0,0.3536666666666665,13.985781249999997,-0.5479638461538461,101.69,362.0,335.7626666666667,1382.0,2.1222580645161284,1.1256923076923078,10.778615384615383,3331633.3333333335,63.26784615384615,56.84492063492061,1.645652173913044,1.6230645161290327,2.254354838709677,1.613387096774194,,218923.07692307694,2.25,3951.992307692308,5.472,4.83,198.86666666666667,218.98671084809803,-0.2701461538461538,0.2008064516129032,0.18435483870967745,1.5766666666666669,2209436.4615384615,3.6,139.26666666666668
2020-03-31,1.4282258064516122,1.6796923076923076,117.86689838709677,2.3946153846153844,1.081451612903226,0.419427421947102,151865.66666666666,329000.0,383000.0,1.3766666666666667,35805.0,15629533333333.334,205598199.31132433,12786975000000.0,2.3666666666666667,96.63333333333333,100.98305564259665,1.365,1.081612903225806,1.1040322580645163,670.96,18951.992,63.099999999999994,329484123.0,67521.0,,3.5215384615384613,128451.0,213.67600000000002,60.699999999999996,258.5,9.733333333333334,3.94562453861751,451.3,722.27,1.374,23223813.0,-0.06322580645161291,108.11143,338.591,140266.0,3059.0,33.48,1.5729032258064515,1364.6313846153848,733.4389230769231,20.07435483870968,1.067741935483871,919.891846153846,28.72854838709677,430538.46153846156,11977.086129032255,89439.50580645162,-0.18666666666666668,17435.4,0.6467049372780626,1.2835483870967739,15.426,1.645,34.26666666666666,28.56,75.26756666666667,1.1453846153846154,1.169230769230769,128.6539,6.978591935483871,1.278751612903226,9.4,1521.2666666666667,1.26,9.854065,1470.0,1743.383,872.872,2.36,2.65,1.14,28683.0,0.36,3.22,65.3,84008.0,5.965,77.152,329475.0176666667,4.512875997,1350598.0,0.44,31.224516129032253,-0.3738823076923078,99.95473333333332,367.0,338.65333333333336,1386.0,2.5408064516129025,1.5703076923076926,12.033076923076926,3593400.0,50.27484374999999,45.335161290322574,1.254945054945055,1.1338709677419363,1.8708064516129033,1.1448387096774195,1.23358439630637,867846.1538461539,1.5833333333333333,4071.730769230769,5.227,4.426666666666667,196.36666666666667,221.79116363484567,0.8888846153846153,0.28354838709677416,0.26096774193548394,1.11,2482342.846153846,3.8000000000000003,139.76666666666665
2020-06-30,1.1665079365079367,0.9736923076923076,122.13043281250003,1.9423846153846154,0.19365079365079363,-0.540035417236732,133665.0,322600.0,374500.0,0.6866666666666666,,17701333333333.332,206641788.93609333,,2.766666666666667,74.06666666666666,98.55963594744276,0.6876190476190477,0.1422222222222223,0.1422222222222223,678.57,17258.205,60.800000000000004,,,,3.23923076923077,,218.61166666666668,52.9,256.472,25.966666666666665,13.2444337474473,455.78,728.03,1.1,26477241.0,-0.47888888888888886,135.93796,340.966,140572.0,2491.0,33.36666666666667,1.4831746031746036,1303.857230769231,769.0121538461538,23.434126984126983,0.17428571428571427,916.0944615384616,35.583809523809535,3011942.3076923075,10351.63634920635,83051.76761904763,-0.26,20427.966666666667,1.2444082880634757,0.84984126984127,11.615333333333334,,34.5,29.72,65.58583333333333,0.1415384615384615,0.1415384615384615,,7.0841296875,1.2418484375,88.5,1430.0333333333335,0.06,8.881912,1212.0,1577.736,797.846,2.55,2.44,1.26,33413.0,0.34,3.21,68.1,,1.512,85.13,329827.883,4.501435076,1355774.0,0.4554098360655737,34.49365079365079,-0.05453076923076924,87.06913333333334,393.0,340.7466666666666,1416.0,3.2150793650793665,2.0813846153846156,16.200153846153846,4998700.0,29.69901639344263,27.960476190476196,0.058791208791208756,0.11333333333333333,1.3807936507936505,0.3574603174603172,,2716615.3846153845,0.25,12811.469230769231,1.553,3.25,188.4333333333333,223.58145049488,0.8084538461538462,0.49396825396825395,0.5453968253968255,0.14333333333333334,3967127.5384615385,13.066666666666668,143.86666666666667
2020-09-30,1.5892187500000006,1.2386923076923075,117.61178125000002,2.182769230769231,0.14093749999999997,1.13148537465285,140860.0,337500.0,397800.0,0.65,,18432233333333.332,205709622.24945465,,2.9,75.66666666666667,98.62023660437984,0.6506249999999999,0.11343750000000001,0.11343750000000001,686.25,18560.774,61.53333333333333,,,311500.0,2.9523076923076923,,224.24599999999998,56.1,259.42133333333334,16.0,8.69092588044152,463.92,740.15,1.147,26945391.0,-0.9385937499999998,127.47024,342.5063333333333,140877.0,2863.0,0.02,1.71546875,1401.1906060606061,795.9701515151513,22.167343750000008,0.13468749999999993,976.6527272727271,30.548125000000006,1112442.3076923077,11792.317187500003,90508.47984375,0.6933333333333334,21098.033333333333,0.3400959828057861,1.4629687500000002,15.822999999999999,,34.7,29.44666666666667,71.94886666666667,0.1153846153846154,0.1153846153846154,,6.915315625000001,1.292665625,-20.0,1443.8333333333333,0.09333333333333334,9.215543,1551.0,2148.157,917.203,2.8,2.02,1.29,32165.0,0.56,5.31,67.4,,-1.855,79.695,330283.48066666664,4.490658241,1379411.0,0.13936507936507936,25.808906249999986,-0.45670923076923076,95.461,384.0,342.4346666666667,1457.0,2.6665625,1.4039393939393936,12.418636363636365,4796000.0,42.9123076923077,40.89171875000002,0.09260869565217385,0.09281249999999995,1.362968750000001,0.2717187499999999,,1041076.9230769231,0.25,16942.73076923077,1.248,3.25,194.26666666666665,228.89262527096867,-0.22379230769230768,0.5096874999999998,0.5371874999999999,0.11333333333333334,4332239.642857143,8.8,141.5
2020-12-31,1.781612903225806,1.3602307692307691,114.19370999999997,2.1503076923076923,0.14967741935483883,0.229950250160706,142619.0,358700.0,403900.0,0.8633333333333334,,18945366666666.668,205879550.104646,,2.6333333333333333,79.8,99.04860337186607,0.864516129032258,0.09290322580645159,0.09290322580645159,699.96,18767.778,61.53333333333333,,,311000.0,2.760714285714286,,232.27266666666665,57.4,260.983,13.533333333333333,6.98912926259605,473.81,756.54,1.134,27747798.0,-0.9170967741935483,129.19415,343.81633333333326,141183.0,3005.0,0.10666666666666667,1.874516129032258,1453.914696969697,791.6137878787879,20.49546875,0.11451612903225807,991.2339393939394,27.813281249999996,787250.0,13586.899999999998,97092.06734374998,0.5266666666666666,21534.866666666665,0.2685651379704723,1.6887096774193557,16.650666666666666,,34.766666666666666,29.679999999999996,73.4144,0.09384615384615384,0.09384615384615384,,6.6235066666666675,1.320441666666667,-24.2,1470.7,0.09000000000000001,9.407864,1683.0,2164.457,1003.201,2.74,2.12,1.28,29712.0,,,65.7,,3.956,79.757,330759.13033333333,4.480756327,1380988.0,0.13196721311475407,25.621718750000003,-0.53698,97.3639,377.0,344.0363333333333,1421.0,2.4332258064516123,1.2069696969696961,9.853181818181818,5072200.0,44.31646153846154,42.52492063492065,0.0888043478260869,0.08306451612903228,1.6190322580645164,0.36951612903225817,,783000.0,0.25,17554.046153846157,1.222,3.25,198.4333333333333,238.98842949591435,-0.44526923076923086,0.7148387096774195,0.7716129032258067,0.09333333333333334,4581015.153846154,6.766666666666667,141.43333333333334
2021-03-31,2.185245901639344,1.7703846153846154,112.63805999999997,2.568692307692307,0.13213114754098357,1.07311440024275,143355.0,369800.0,418600.0,1.3166666666666667,,19657433333333.332,205436078.127835,,3.1333333333333333,80.23333333333333,99.2741875157128,1.335901639344262,0.051147540983606535,0.051147540983606535,718.19,19055.655,61.43333333333334,,,313533.3333333333,2.875833333333333,,239.95666666666668,57.633333333333326,263.39500000000004,20.0,6.24865265007169,484.26,773.63,1.121,28132570.0,-0.8493442622950816,127.65351,345.1746666666667,141533.0,3179.0,0.0,2.053934426229508,1508.2047692307694,766.1036923076921,19.052950819672127,0.08245901639344262,990.5792307692308,26.799672131147545,805615.3846153846,19441.02180327869,108252.7424590164,0.3066666666666667,21988.9,-0.241821417703923,2.316557377049181,17.277,,34.833333333333336,29.963333333333335,74.13016666666667,0.05692307692307694,0.05692307692307694,,6.481668333333334,1.37979,-9.5,1479.8666666666668,0.08,8.380865,1788.0,2367.593,1065.524,2.7,1.84,1.16,27879.0,,,65.6,,3.942,78.624,,4.471832834,1410110.0,0.14885245901639343,23.202459016393444,-0.6376369230769231,98.322,373.0,345.23900000000003,1426.0,2.1511475409836067,0.9963076923076928,7.03846153846154,5511266.666666667,61.03873015873016,58.09344262295081,0.07688888888888902,0.04409836065573769,2.0865573770491808,0.6180327868852461,,796000.0,0.25,18062.14,1.199,3.25,210.13333333333333,248.966433106883,-0.6688384615384615,1.2037704918032783,1.2847540983606558,0.049999999999999996,4823378.230769231,6.166666666666667,155.66666666666666
2021-06-30,2.3842187500000005,1.9858461538461538,112.099859375,2.9703076923076925,0.17421875,2.33978869448353,145056.0,382600.0,440600.0,1.593333333333333,,20312600000000.0,205641360.72777805,,4.066666666666666,85.56666666666666,99.73475970128128,1.59078125,0.025156250000000015,0.025156250000000015,759.15,19368.31,61.63333333333333,,,351266.6666666667,3.0038461538461543,,255.48600000000002,57.96666666666667,268.788,10.466666666666667,5.95305995950818,510.08,799.97,1.12,28529436.0,-0.7934375,125.45397,347.262,141794.0,2917.0,0.7733333333333333,2.2237500000000003,1532.6523437499998,758.9532812499998,16.11828125,0.059687499999999984,990.3650000000002,21.50444444444444,520038.46153846156,19946.92812500001,117898.31609374998,0.19333333333333333,,-0.6956673468858451,2.5446875000000007,17.374,,34.8,30.30666666666667,75.23790000000001,0.023846153846153843,0.023846153846153843,,6.459403124999997,1.3981296875000002,-8.4,1484.3666666666668,0.07,9.183054,1670.0,2690.388,1070.226,2.49,1.58,1.05,23983.0,,,65.6,,6.478,77.753,,4.463891501,1413793.0,0.13131147540983604,17.999999999999993,-0.7082153846153847,99.86683333333333,368.0,347.03866666666664,1438.0,1.9646031746031742,0.9167187499999994,6.30125,6037000.0,68.98180327868852,66.18666666666668,0.06824175824175815,0.01734375000000001,2.2579687500000003,0.8406249999999997,,483230.76923076925,0.25,,1.189,3.25,223.9,262.105717818557,-0.8939230769230769,1.4165624999999997,1.5656250000000005,0.02666666666666667,5073146.615384615,5.933333333333333,196.53333333333333
2021-09-30,2.3403124999999996,2.1617692307692304,113.59832812500004,3.156384615384615,0.22578125000000016,1.60097531391371,147419.0,404700.0,453300.0,1.3233333333333335,,20790000000000.0,205113976.63499832,,4.633333333333334,74.76666666666667,98.54286080223943,1.32484375,0.04968749999999999,0.04968749999999999,,19465.195,61.666666666666664,,,356666.6666666667,2.8721428571428573,,267.03999999999996,58.53333333333334,273.1383333333333,8.866666666666667,5.11209427963316,,,1.115,,-1.0154687499999995,,349.88466666666665,142100.0,2722.0,26.040000000000003,2.185,1562.2643283582092,787.4167164179103,15.584218750000002,0.07546875,1017.5608955223881,21.804687499999996,369788.46153846156,19423.670937499995,120709.84062500001,0.24666666666666667,,-0.633003135901735,2.495625,13.744,,34.7,30.689999999999998,75.8647,0.05000000000000001,0.05000000000000001,,6.469892187500001,1.3779171874999996,-13.4,1501.7,0.09000000000000001,,1645.6666666666667,,1083.99,,,,,,,65.4,,,,,4.45686518,,0.0763492063492063,18.28734375,-0.6920046153846156,100.83370000000001,,349.8113333333333,,1.9132812500000003,0.9123880597014926,6.356716417910447,6282600.0,73.50907692307692,70.57546875000004,0.09,0.04812500000000001,1.9314062499999995,0.7996875000000001,,365461.53846153844,0.25,,1.179,3.25,233.16666666666666,272.46160071697955,-0.916823076923077,1.0990625000000003,1.2751562499999998,0.04666666666666667,5319760.615384615,5.133333333333334,211.6
2021-12-31,2.5761764705882357,2.4978571428571428,114.4611931034483,3.337285714285714,0.42696969696969694,,148319.0,,,1.58,,,204843486.671876,,,,97.9049448747739,1.5736363636363642,0.05090909090909094,0.05090909090909094,,,61.6,,,,3.062857142857143,,,58.8,276.724,,,,,,,-1.0003030303030305,,352.775,,,,2.302058823529412,1567.0108333333333,778.4044444444442,16.131714285714285,0.13212121212121214,1009.4047222222222,21.056285714285718,305142.85714285716,19562.235428571432,123688.5617142857,,,-0.632454203889493,2.8502941176470586,13.434,,34.7,30.96,76.3674,0.049999999999999996,0.049999999999999996,,6.409958620689656,1.3653413793103446,,1515.5,0.08,,1650.0,,,,,,,,,,,,,,4.450651062,,0.08137931034482761,17.42857142857143,-0.6875942857142857,101.611,,352.892,,1.7439393939393935,0.9002777777777777,6.536666666666666,,83.30624999999998,81.5765625,0.07938775510204085,0.0563636363636364,2.0166666666666666,1.1354545454545455,,286714.28571428574,,,,3.25,240.2,,-0.9572714285714286,1.1429411764705883,1.521764705882353,0.05,5512449.714285715,4.6,210.9
